id_nomenclatura,estado_amenaza,codigo_int,id_amenaza
ICN,CR,1,E1
ICN,CR,2,E2
ICN,CR,3,E3
ICN,CR,4,E4
ICN,CR,5,E5
ICN,CR,6,E6
ICN,VU,7,E7
ICN,CR,8,E8
ICN,CR,9,E9
ICN,CR,10,E10
ICN,CR,11,E11
ICN,CR,12,E12
ICN,CR,13,E13
ICN,EN,14,E14
ICN,CR,15,E15
ICN,EN,16,E16
ICN,CR,17,E17
ICN,CR,18,E18
ICN,CR,19,E19
ICN,CR,20,E20
ICN,CR,21,E21
ICN,CR,22,E22
ICN,EN,23,E23
ICN,EN,24,E24
ICN,CR,25,E25
ICN,CR,26,E26
ICN,CR,27,E27
ICN,CR,28,E28
ICN,CR,29,E29
ICN,CR,30,E30
ICN,CR,31,E31
ICN,CR,32,E32
ICN,CR,33,E33
ICN,EN,34,E34
ICN,CR,35,E35
ICN,CR,36,E36
ICN,CR,37,E37
ICN,VU,38,E38
ICN,VU,39,E39
ICN,CR,40,E40
ICN,VU,41,E41
ICN,EN,42,E42
ICN,EN,43,E43
ICN,EN,44,E44
ICN,VU,45,E45
ICN,CR,46,E46
ICN,CR,47,E47
ICN,VU,48,E48
ICN,EN,49,E49
ICN,CR,50,E50
ICN,CR,51,E51
ICN,EN,52,E52
ICN,EN,53,E53
ICN,CR,54,E54
ICN,CR,55,E55
ICN,CR,56,E56
ICN,CR,57,E57
ICN,VU,58,E58
ICN,EN,59,E59
ICN,EN,60,E60
ICN,VU,61,E61
ICN,VU,62,E62
ICN,EN,63,E63
ICN,EN,64,E64
ICN,CR,65,E65
ICN,CR,66,E66
ICN,VU,67,E67
ICN,CR,68,E68
ICN,CR,69,E69
ICN,CR,70,E70
ICN,CR,71,E71
ICN,EN,72,E72
ICN,EN,73,E73
ICN,CR,74,E74
ICN,CR,75,E75
ICN,CR,76,E76
ICN,CR,77,E77
ICN,EN,78,E78
ICN,CR,79,E79
ICN,CR,80,E80
ICN,CR,81,E81
ICN,VU,82,E82
ICN,EN,83,E83
ICN,VU,84,E84
ICN,VU,85,E85
ICN,VU,86,E86
ICN,EN,87,E87
ICN,EN,88,E88
ICN,CR,89,E89
ICN,CR,90,E90
ICN,VU,91,E91
ICN,CR,92,E92
ICN,VU,93,E93
ICN,VU,94,E94
ICN,VU,95,E95
ICN,CR,96,E96
ICN,EN,97,E97
ICN,CR,98,E98
ICN,VU,99,E99
ICN,CR,100,E100
ICN,VU,101,E101
ICN,CR,102,E102
ICN,VU,103,E103
ICN,CR,104,E104
ICN,VU,105,E105
ICN,CR,106,E106
ICN,VU,107,E107
ICN,VU,108,E108
ICN,CR,109,E109
ICN,VU,110,E110
ICN,EN,111,E111
ICN,VU,112,E112
ICN,CR,113,E113
ICN,EN,114,E114
ICN,VU,115,E115
ICN,VU,116,E116
ICN,CR,117,E117
ICN,VU,118,E118
ICN,EN,119,E119
ICN,CR,120,E120
ICN,EN,121,E121
ICN,CR,122,E122
ICN,VU,123,E123
ICN,VU,124,E124
ICN,CR,125,E125
ICN,EN,126,E126
ICN,CR,127,E127
ICN,EN,128,E128
ICN,VU,129,E129
ICN,VU,130,E130
ICN,VU,131,E131
ICN,VU,132,E132
ICN,VU,133,E133
ICN,EN,134,E134
ICN,EN,135,E135
ICN,CR,136,E136
ICN,EN,137,E137
ICN,VU,138,E138
ICN,CR,139,E139
ICN,VU,140,E140
ICN,VU,141,E141
ICN,VU,142,E142
ICN,VU,143,E143
ICN,CR,144,E144
ICN,VU,145,E145
ICN,CR,146,E146
ICN,CR,147,E147
ICN,VU,148,E148
ICN,CR,149,E149
ICN,CR,150,E150
ICN,VU,151,E151
ICN,EN,152,E152
ICN,CR,153,E153
ICN,CR,154,E154
ICN,CR,155,E155
ICN,EN,156,E156
ICN,EN,157,E157
ICN,EN,158,E158
ICN,CR,159,E159
ICN,EN,160,E160
ICN,EN,161,E161
ICN,VU,162,E162
ICN,EN,163,E163
ICN,VU,164,E164
ICN,EN,165,E165
ICN,VU,166,E166
ICN,CR,167,E167
ICN,CR,168,E168
ICN,VU,169,E169
ICN,VU,170,E170
ICN,EN,171,E171
ICN,CR,172,E172
ICN,CR,173,E173
ICN,CR,174,E174
ICN,EN,175,E175
ICN,EN,176,E176
ICN,VU,177,E177
ICN,VU,178,E178
ICN,CR,179,E179
ICN,EN,180,E180
ICN,EN,181,E181
ICN,CR,182,E182
ICN,CR,183,E183
ICN,EN,184,E184
ICN,CR,185,E185
ICN,EN,186,E186
ICN,EN,187,E187
ICN,EN,188,E188
ICN,EN,189,E189
ICN,EN,190,E190
ICN,EN,191,E191
ICN,CR,192,E192
ICN,CR,193,E193
ICN,CR,194,E194
ICN,CR,195,E195
ICN,EN,196,E196
ICN,CR,197,E197
ICN,VU,198,E198
ICN,VU,199,E199
ICN,VU,200,E200
ICN,VU,201,E201
ICN,VU,202,E202
ICN,CR,203,E203
ICN,VU,204,E204
ICN,EN,205,E205
ICN,EN,206,E206
ICN,VU,207,E207
ICN,CR,208,E208
ICN,EN,209,E209
ICN,CR,210,E210
ICN,CR,211,E211
ICN,CR,212,E212
ICN,CR,213,E213
ICN,CR,214,E214
ICN,EN,215,E215
ICN,CR,216,E216
ICN,VU,217,E217
ICN,CR,218,E218
ICN,VU,219,E219
ICN,EN,220,E220
ICN,EN,221,E221
ICN,EN,222,E222
ICN,VU,223,E223
ICN,VU,224,E224
ICN,EN,225,E225
ICN,CR,226,E226
ICN,CR,227,E227
ICN,EN,228,E228
ICN,EN,229,E229
ICN,EN,230,E230
ICN,CR,231,E231
ICN,VU,232,E232
ICN,EN,233,E233
ICN,CR,234,E234
ICN,CR,235,E235
ICN,CR,236,E236
ICN,CR,237,E237
ICN,VU,238,E238
ICN,VU,239,E239
ICN,CR,240,E240
ICN,EN,241,E241
ICN,CR,242,E242
ICN,CR,243,E243
ICN,EN,244,E244
ICN,CR,245,E245
ICN,EN,246,E246
ICN,EN,247,E247
ICN,VU,248,E248
ICN,VU,249,E249
ICN,CR,250,E250
ICN,EN,251,E251
ICN,VU,252,E252
ICN,VU,253,E253
ICN,CR,254,E254
ICN,EN,255,E255
ICN,EN,256,E256
ICN,EN,257,E257
ICN,EN,258,E258
ICN,VU,259,E259
ICN,EN,260,E260
ICN,CR,261,E261
ICN,VU,262,E262
ICN,EN,263,E263
ICN,EN,264,E264
ICN,EN,265,E265
ICN,VU,266,E266
ICN,VU,267,E267
ICN,CR,268,E268
ICN,CR,269,E269
ICN,EN,270,E270
ICN,CR,271,E271
ICN,CR,272,E272
ICN,EN,273,E273
ICN,VU,274,E274
ICN,EN,275,E275
ICN,CR,276,E276
ICN,EN,277,E277
ICN,EN,278,E278
ICN,VU,279,E279
ICN,CR,280,E280
ICN,VU,281,E281
ICN,CR,282,E282
ICN,EN,283,E283
ICN,CR,284,E284
ICN,EN,285,E285
ICN,CR,286,E286
ICN,CR,287,E287
ICN,CR,288,E288
ICN,EN,289,E289
ICN,VU,290,E290
ICN,EN,291,E291
ICN,VU,292,E292
ICN,EN,293,E293
ICN,EN,294,E294
ICN,EN,295,E295
ICN,EN,296,E296
ICN,EN,297,E297
ICN,VU,298,E298
ICN,VU,299,E299
ICN,CR,300,E300
ICN,EN,301,E301
ICN,EN,302,E302
ICN,EN,303,E303
ICN,EN,304,E304
ICN,VU,305,E305
ICN,VU,306,E306
ICN,EN,307,E307
ICN,EN,308,E308
ICN,CR,309,E309
ICN,VU,310,E310
ICN,EN,311,E311
ICN,EN,312,E312
ICN,VU,313,E313
ICN,EN,314,E314
ICN,VU,315,E315
ICN,EN,316,E316
ICN,VU,317,E317
ICN,VU,318,E318
ICN,CR,319,E319
ICN,VU,320,E320
ICN,VU,321,E321
ICN,VU,322,E322
ICN,EN,323,E323
ICN,EN,324,E324
ICN,EN,325,E325
ICN,CR,326,E326
ICN,EN,327,E327
ICN,EN,328,E328
ICN,EN,329,E329
ICN,EN,330,E330
ICN,EN,331,E331
ICN,EN,332,E332
ICN,VU,333,E333
ICN,EN,334,E334
ICN,EN,335,E335
ICN,VU,336,E336
ICN,VU,337,E337
ICN,EN,338,E338
ICN,EN,339,E339
ICN,EN,340,E340
ICN,VU,341,E341
ICN,EN,342,E342
ICN,EN,343,E343
ICN,EN,344,E344
ICN,EN,345,E345
ICN,CR,346,E346
ICN,EN,347,E347
ICN,EN,348,E348
ICN,EN,349,E349
ICN,EN,350,E350
ICN,EN,351,E351
ICN,VU,352,E352
ICN,EN,353,E353
ICN,EN,354,E354
ICN,VU,355,E355
ICN,VU,356,E356
ICN,CR,357,E357
ICN,VU,358,E358
ICN,EN,359,E359
ICN,CR,360,E360
ICN,CR,361,E361
ICN,EN,362,E362
ICN,VU,363,E363
ICN,CR,364,E364
ICN,EN,365,E365
ICN,CR,366,E366
ICN,VU,367,E367
ICN,VU,368,E368
ICN,CR,369,E369
ICN,EN,370,E370
ICN,EN,371,E371
ICN,VU,372,E372
ICN,EN,373,E373
ICN,EN,374,E374
ICN,VU,375,E375
ICN,EN,376,E376
ICN,EN,377,E377
ICN,EN,378,E378
ICN,EN,379,E379
ICN,VU,380,E380
ICN,EN,381,E381
ICN,VU,382,E382
ICN,VU,383,E383
ICN,VU,384,E384
ICN,CR,385,E385
ICN,VU,386,E386
ICN,CR,387,E387
ICN,VU,388,E388
ICN,VU,389,E389
ICN,EN,390,E390
ICN,VU,391,E391
ICN,VU,392,E392
ICN,VU,393,E393
ICN,VU,394,E394
ICN,EN,395,E395
ICN,EN,396,E396
ICN,EN,397,E397
ICN,VU,398,E398
ICN,VU,399,E399
ICN,EN,400,E400
ICN,VU,401,E401
ICN,VU,402,E402
ICN,VU,403,E403
ICN,EN,404,E404
ICN,VU,405,E405
ICN,VU,406,E406
ICN,VU,407,E407
ICN,VU,408,E408
ICN,VU,409,E409
ICN,EN,410,E410
ICN,CR,411,E411
ICN,EN,412,E412
ICN,EN,413,E413
ICN,EN,414,E414
ICN,CR,415,E415
ICN,VU,416,E416
ICN,EN,417,E417
ICN,EN,418,E418
ICN,VU,419,E419
ICN,VU,420,E420
ICN,EN,421,E421
ICN,VU,422,E422
ICN,CR,423,E423
ICN,EN,424,E424
ICN,EN,425,E425
ICN,CR,426,E426
ICN,EN,427,E427
ICN,CR,428,E428
ICN,CR,429,E429
ICN,EN,430,E430
ICN,VU,431,E431
ICN,CR,432,E432
ICN,VU,433,E433
ICN,EN,434,E434
ICN,EN,435,E435
ICN,VU,436,E436
ICN,EN,437,E437
ICN,VU,438,E438
ICN,EN,439,E439
ICN,CR,440,E440
ICN,CR,441,E441
ICN,EN,442,E442
ICN,VU,443,E443
ICN,CR,444,E444
ICN,CR,445,E445
ICN,VU,446,E446
ICN,EN,447,E447
ICN,CR,448,E448
ICN,EN,449,E449
ICN,EN,450,E450
ICN,CR,451,E451
ICN,VU,452,E452
ICN,EN,453,E453
ICN,VU,454,E454
ICN,EN,455,E455
ICN,VU,456,E456
ICN,EN,457,E457
ICN,VU,458,E458
ICN,EN,459,E459
ICN,EN,460,E460
ICN,VU,461,E461
ICN,CR,462,E462
ICN,VU,463,E463
ICN,VU,464,E464
ICN,EN,465,E465
ICN,VU,466,E466
ICN,EN,467,E467
ICN,VU,468,E468
ICN,CR,469,E469
ICN,VU,470,E470
ICN,EN,471,E471
ICN,VU,472,E472
ICN,VU,473,E473
ICN,EN,474,E474
ICN,VU,475,E475
ICN,EN,476,E476
ICN,VU,477,E477
ICN,EN,478,E478
ICN,VU,479,E479
ICN,EN,480,E480
ICN,VU,481,E481
ICN,VU,482,E482
ICN,EN,483,E483
ICN,EN,484,E484
ICN,EN,485,E485
ICN,VU,486,E486
ICN,EN,487,E487
ICN,VU,488,E488
ICN,EN,489,E489
ICN,VU,490,E490
ICN,VU,491,E491
ICN,EN,492,E492
ICN,CR,493,E493
ICN,VU,494,E494
ICN,EN,495,E495
ICN,CR,496,E496
ICN,EN,497,E497
ICN,VU,498,E498
ICN,VU,499,E499
ICN,EN,500,E500
ICN,EN,501,E501
ICN,CR,502,E502
ICN,VU,503,E503
ICN,EN,504,E504
ICN,VU,505,E505
ICN,VU,506,E506
ICN,VU,507,E507
ICN,VU,508,E508
ICN,EN,509,E509
ICN,CR,510,E510
ICN,VU,511,E511
ICN,EN,512,E512
ICN,VU,513,E513
ICN,VU,514,E514
ICN,CR,515,E515
ICN,VU,516,E516
ICN,VU,517,E517
ICN,EN,518,E518
ICN,EN,519,E519
ICN,CR,520,E520
ICN,CR,521,E521
ICN,EN,522,E522
ICN,CR,523,E523
ICN,EN,524,E524
ICN,CR,525,E525
ICN,VU,526,E526
ICN,CR,527,E527
ICN,CR,528,E528
ICN,EN,529,E529
ICN,EN,530,E530
ICN,EN,531,E531
ICN,EN,532,E532
ICN,VU,533,E533
ICN,EN,534,E534
ICN,CR,535,E535
ICN,EN,536,E536
ICN,VU,537,E537
ICN,EN,538,E538
ICN,EN,539,E539
ICN,EN,540,E540
ICN,EN,541,E541
ICN,CR,542,E542
ICN,CR,543,E543
ICN,CR,544,E544
ICN,EN,545,E545
ICN,EN,546,E546
ICN,CR,547,E547
ICN,EN,548,E548
ICN,EN,549,E549
ICN,EN,550,E550
ICN,EN,551,E551
ICN,EN,552,E552
ICN,VU,553,E553
ICN,VU,554,E554
ICN,VU,555,E555
ICN,VU,556,E556
ICN,VU,557,E557
ICN,EN,558,E558
ICN,EN,559,E559
ICN,VU,560,E560
ICN,EN,561,E561
ICN,EN,562,E562
ICN,EN,563,E563
ICN,VU,564,E564
ICN,VU,565,E565
ICN,VU,566,E566
ICN,EN,567,E567
ICN,VU,568,E568
ICN,EN,569,E569
ICN,VU,570,E570
ICN,EN,571,E571
ICN,EN,572,E572
ICN,VU,573,E573
ICN,VU,574,E574
ICN,VU,575,E575
ICN,VU,576,E576
ICN,EN,577,E577
ICN,VU,578,E578
ICN,VU,579,E579
ICN,VU,580,E580
ICN,EN,581,E581
ICN,CR,582,E582
ICN,CR,583,E583
ICN,CR,584,E584
ICN,CR,585,E585
ICN,VU,586,E586
ICN,VU,587,E587
ICN,VU,588,E588
ICN,VU,589,E589
ICN,EN,590,E590
ICN,CR,591,E591
ICN,EN,592,E592
ICN,EN,593,E593
ICN,CR,594,E594
ICN,EN,595,E595
ICN,CR,596,E596
ICN,VU,597,E597
ICN,EN,598,E598
ICN,VU,599,E599
ICN,EN,600,E600
ICN,VU,601,E601
ICN,EN,602,E602
ICN,EN,603,E603
ICN,EN,604,E604
ICN,EN,605,E605
ICN,CR,606,E606
ICN,CR,607,E607
ICN,CR,608,E608
ICN,CR,609,E609
ICN,VU,610,E610
ICN,EN,611,E611
ICN,VU,612,E612
ICN,CR,613,E613
ICN,CR,614,E614
ICN,VU,615,E615
ICN,VU,616,E616
ICN,EN,617,E617
ICN,VU,618,E618
ICN,EN,619,E619
ICN,EN,620,E620
ICN,EN,621,E621
ICN,VU,622,E622
ICN,VU,623,E623
ICN,VU,624,E624
ICN,VU,625,E625
ICN,EN,626,E626
ICN,VU,627,E627
ICN,VU,628,E628
ICN,EN,629,E629
ICN,VU,630,E630
ICN,VU,631,E631
ICN,EN,632,E632
ICN,VU,633,E633
ICN,VU,634,E634
ICN,VU,635,E635
ICN,VU,636,E636
ICN,VU,637,E637
ICN,VU,638,E638
ICN,VU,639,E639
ICN,VU,640,E640
ICN,VU,641,E641
ICN,VU,642,E642
ICN,CR,643,E643
ICN,EN,644,E644
ICN,VU,645,E645
ICN,VU,646,E646
ICN,EN,647,E647
ICN,EN,648,E648
ICN,EN,649,E649
ICN,EN,650,E650
ICN,VU,651,E651
ICN,VU,652,E652
ICN,VU,653,E653
ICN,VU,654,E654
ICN,VU,655,E655
ICN,EN,656,E656
ICN,VU,657,E657
ICN,VU,658,E658
ICN,EN,659,E659
ICN,EN,660,E660
ICN,VU,661,E661
ICN,VU,662,E662
ICN,VU,663,E663
ICN,VU,664,E664
ICN,VU,665,E665
ICN,VU,666,E666
ICN,CR,667,E667
ICN,CR,668,E668
ICN,EN,669,E669
ICN,EN,670,E670
ICN,VU,671,E671
ICN,EN,672,E672
ICN,EN,673,E673
ICN,EN,674,E674
ICN,EN,675,E675
ICN,EN,676,E676
ICN,EN,677,E677
ICN,VU,678,E678
ICN,CR,679,E679
ICN,CR,680,E680
ICN,VU,681,E681
ICN,CR,682,E682
ICN,EN,683,E683
ICN,EN,684,E684
ICN,CR,685,E685
ICN,VU,686,E686
ICN,EN,687,E687
ICN,EN,688,E688
ICN,EN,689,E689
ICN,EN,690,E690
ICN,EN,691,E691
ICN,EN,692,E692
ICN,EN,693,E693
ICN,VU,694,E694
ICN,EN,695,E695
ICN,VU,696,E696
ICN,VU,697,E697
ICN,VU,698,E698
ICN,VU,699,E699
ICN,CR,700,E700
ICN,EN,701,E701
ICN,VU,702,E702
ICN,EN,703,E703
ICN,CR,704,E704
ICN,EN,705,E705
ICN,EN,706,E706
ICN,EN,707,E707
ICN,VU,708,E708
ICN,EN,709,E709
ICN,EN,710,E710
ICN,VU,711,E711
ICN,EN,712,E712
ICN,VU,713,E713
ICN,VU,714,E714
ICN,VU,715,E715
ICN,EN,716,E716
ICN,VU,717,E717
ICN,EN,718,E718
ICN,EN,719,E719
ICN,EN,720,E720
ICN,EN,721,E721
ICN,VU,722,E722
ICN,VU,723,E723
ICN,EN,724,E724
ICN,VU,725,E725
ICN,EN,726,E726
ICN,EN,727,E727
ICN,VU,728,E728
ICN,EN,729,E729
ICN,VU,730,E730
ICN,EN,731,E731
ICN,VU,732,E732
ICN,VU,733,E733
ICN,VU,734,E734
ICN,EN,735,E735
ICN,EN,736,E736
ICN,VU,737,E737
ICN,VU,738,E738
ICN,EN,739,E739
ICN,EN,740,E740
ICN,VU,741,E741
ICN,VU,742,E742
ICN,CR,743,E743
ICN,VU,744,E744
ICN,VU,745,E745
ICN,VU,746,E746
ICN,VU,747,E747
ICN,VU,748,E748
ICN,EN,749,E749
ICN,VU,750,E750
ICN,VU,751,E751
ICN,EN,752,E752
ICN,VU,753,E753
ICN,EN,754,E754
ICN,VU,755,E755
ICN,VU,756,E756
ICN,VU,757,E757
ICN,VU,758,E758
ICN,VU,759,E759
ICN,VU,760,E760
ICN,VU,761,E761
ICN,VU,762,E762
ICN,EN,763,E763
ICN,EN,764,E764
ICN,EN,765,E765
ICN,VU,766,E766
ICN,VU,767,E767
ICN,EN,768,E768
ICN,VU,769,E769
ICN,VU,770,E770
ICN,EN,771,E771
ICN,EN,772,E772
ICN,VU,773,E773
ICN,EN,774,E774
ICN,EN,775,E775
ICN,VU,776,E776
ICN,VU,777,E777
ICN,VU,778,E778
ICN,VU,779,E779
ICN,EN,780,E780
ICN,VU,781,E781
ICN,VU,782,E782
ICN,VU,783,E783
ICN,VU,784,E784
ICN,VU,785,E785
ICN,VU,786,E786
ICN,VU,787,E787
ICN,EN,788,E788
ICN,VU,789,E789
ICN,VU,790,E790
ICN,EN,791,E791
ICN,CR,792,E792
ICN,VU,793,E793
ICN,VU,794,E794
ICN,EN,795,E795
ICN,VU,796,E796
ICN,VU,797,E797
ICN,VU,798,E798
ICN,VU,799,E799
ICN,CR,800,E800
ICN,VU,801,E801
ICN,EN,802,E802
ICN,EN,803,E803
ICN,CR,804,E804
ICN,VU,805,E805
ICN,EN,806,E806
ICN,CR,807,E807
ICN,VU,808,E808
ICN,CR,809,E809
ICN,EN,810,E810
ICN,VU,811,E811
ICN,EN,812,E812
ICN,CR,813,E813
ICN,CR,814,E814
ICN,CR,815,E815
ICN,VU,816,E816
ICN,CR,817,E817
ICN,VU,818,E818
ICN,EN,819,E819
ICN,VU,820,E820
ICN,EN,821,E821
ICN,VU,822,E822
ICN,VU,823,E823
ICN,VU,824,E824
ICN,EN,825,E825
ICN,VU,826,E826
ICN,VU,827,E827
ICN,EN,828,E828
ICN,CR,829,E829
ICN,VU,830,E830
ICN,VU,831,E831
ICN,VU,832,E832
ICN,VU,833,E833
ICN,EN,834,E834
ICN,EN,835,E835
ICN,EN,836,E836
ICN,VU,837,E837
ICN,VU,838,E838
ICN,CR,839,E839
ICN,EN,840,E840
ICN,CR,841,E841
ICN,VU,842,E842
ICN,CR,843,E843
ICN,CR,844,E844
ICN,CR,845,E845
ICN,EN,846,E846
ICN,EN,847,E847
ICN,VU,848,E848
ICN,EN,849,E849
ICN,EN,850,E850
ICN,EN,851,E851
ICN,CR,852,E852
ICN,VU,853,E853
ICN,VU,854,E854
ICN,VU,855,E855
ICN,CR,856,E856
ICN,CR,857,E857
ICN,CR,858,E858
ICN,VU,859,E859
ICN,VU,860,E860
ICN,VU,861,E861
ICN,VU,862,E862
ICN,VU,863,E863
ICN,CR,864,E864
ICN,CR,865,E865
ICN,VU,866,E866
ICN,CR,867,E867
ICN,EN,868,E868
ICN,EN,869,E869
ICN,EN,870,E870
ICN,EN,871,E871
ICN,EN,872,E872
ICN,VU,873,E873
ICN,VU,874,E874
ICN,VU,875,E875
ICN,EN,876,E876
ICN,EN,877,E877
ICN,VU,878,E878
ICN,VU,879,E879
ICN,VU,880,E880
ICN,EN,881,E881
ICN,VU,882,E882
ICN,EN,883,E883
ICN,CR,884,E884
ICN,EN,885,E885
ICN,VU,886,E886
ICN,VU,887,E887
ICN,VU,888,E888
ICN,EN,889,E889
ICN,EN,890,E890
ICN,EN,891,E891
ICN,CR,892,E892
ICN,EN,893,E893
ICN,CR,894,E894
ICN,CR,895,E895
ICN,EN,896,E896
ICN,CR,897,E897
ICN,VU,898,E898
ICN,VU,899,E899
ICN,EN,900,E900
ICN,CR,901,E901
ICN,CR,902,E902
ICN,CR,903,E903
ICN,EN,904,E904
ICN,EN,905,E905
ICN,CR,906,E906
ICN,CR,907,E907
ICN,VU,908,E908
ICN,CR,909,E909
ICN,CR,910,E910
ICN,CR,911,E911
ICN,VU,912,E912
ICN,EN,913,E913
ICN,VU,914,E914
ICN,CR,915,E915
ICN,EN,916,E916
ICN,VU,917,E917
ICN,EN,918,E918
ICN,EN,919,E919
ICN,EN,920,E920
ICN,EN,921,E921
ICN,EN,922,E922
ICN,CR,923,E923
ICN,CR,924,E924
ICN,EN,925,E925
ICN,CR,926,E926
ICN,CR,927,E927
ICN,VU,928,E928
ICN,CR,929,E929
ICN,EN,930,E930
ICN,CR,931,E931
ICN,EN,932,E932
ICN,CR,933,E933
ICN,EN,934,E934
ICN,VU,935,E935
ICN,EN,936,E936
ICN,EN,937,E937
ICN,EN,938,E938
ICN,EN,939,E939
ICN,EN,940,E940
ICN,CR,941,E941
ICN,EN,942,E942
ICN,EN,943,E943
ICN,VU,944,E944
ICN,EN,945,E945
ICN,EN,946,E946
ICN,CR,947,E947
ICN,CR,948,E948
ICN,CR,949,E949
ICN,CR,950,E950
ICN,CR,951,E951
ICN,EN,952,E952
ICN,CR,953,E953
ICN,CR,954,E954
ICN,CR,955,E955
ICN,CR,956,E956
ICN,EN,957,E957
ICN,CR,958,E958
ICN,VU,959,E959
ICN,EN,960,E960
ICN,CR,961,E961
ICN,EN,962,E962
ICN,EN,963,E963
ICN,CR,964,E964
ICN,EN,965,E965
ICN,EN,966,E966
ICN,CR,967,E967
ICN,VU,968,E968
ICN,CR,969,E969
ICN,CR,970,E970
ICN,CR,971,E971
ICN,CR,972,E972
ICN,EN,973,E973
ICN,EN,974,E974
ICN,CR,975,E975
ICN,EN,976,E976
ICN,CR,977,E977
ICN,CR,978,E978
ICN,VU,979,E979
ICN,EN,980,E980
ICN,VU,981,E981
ICN,CR,982,E982
ICN,EN,983,E983
ICN,VU,984,E984
ICN,CR,985,E985
ICN,CR,986,E986
ICN,VU,987,E987
ICN,EN,988,E988
ICN,VU,989,E989
ICN,CR,990,E990
ICN,VU,991,E991
ICN,EN,992,E992
ICN,VU,993,E993
ICN,EN,994,E994
ICN,EN,995,E995
ICN,CR,996,E996
ICN,EN,997,E997
ICN,CR,998,E998
ICN,EN,999,E999
ICN,CR,1000,E1000
ICN,CR,1001,E1001
ICN,EN,1002,E1002
ICN,CR,1003,E1003
ICN,CR,1004,E1004
ICN,CR,1005,E1005
ICN,EN,1006,E1006
ICN,EN,1007,E1007
ICN,EN,1008,E1008
ICN,EN,1009,E1009
ICN,EN,1010,E1010
ICN,CR,1011,E1011
ICN,CR,1012,E1012
ICN,EN,1013,E1013
ICN,EN,1014,E1014
ICN,CR,1015,E1015
ICN,EN,1016,E1016
ICN,CR,1017,E1017
ICN,EN,1018,E1018
ICN,VU,1019,E1019
ICN,CR,1020,E1020
ICN,EN,1021,E1021
ICN,EN,1022,E1022
ICN,EN,1023,E1023
ICN,CR,1024,E1024
ICN,CR,1025,E1025
ICN,EN,1026,E1026
ICN,EN,1027,E1027
ICN,EN,1028,E1028
ICN,VU,1029,E1029
ICN,VU,1030,E1030
ICN,VU,1031,E1031
ICN,EN,1032,E1032
ICN,EN,1033,E1033
ICN,VU,1034,E1034
ICN,CR,1035,E1035
ICN,CR,1036,E1036
ICN,EN,1037,E1037
ICN,CR,1038,E1038
ICN,VU,1039,E1039
ICN,VU,1040,E1040
ICN,CR,1041,E1041
ICN,CR,1042,E1042
ICN,EN,1043,E1043
ICN,EN,1044,E1044
ICN,EN,1045,E1045
ICN,VU,1046,E1046
ICN,CR,1047,E1047
ICN,VU,1048,E1048
ICN,VU,1049,E1049
ICN,EN,1050,E1050
ICN,EN,1051,E1051
ICN,CR,1052,E1052
ICN,VU,1053,E1053
ICN,EN,1054,E1054
ICN,EN,1055,E1055
ICN,VU,1056,E1056
ICN,CR,1057,E1057
ICN,CR,1058,E1058
ICN,VU,1059,E1059
ICN,EN,1060,E1060
ICN,EN,1061,E1061
ICN,EN,1062,E1062
ICN,VU,1063,E1063
ICN,VU,1064,E1064
ICN,VU,1065,E1065
ICN,EN,1066,E1066
ICN,EN,1067,E1067
ICN,CR,1068,E1068
ICN,EN,1069,E1069
ICN,CR,1070,E1070
ICN,VU,1071,E1071
ICN,EN,1072,E1072
ICN,EN,1073,E1073
ICN,EN,1074,E1074
ICN,CR,1075,E1075
ICN,CR,1076,E1076
ICN,CR,1077,E1077
ICN,VU,1078,E1078
ICN,EN,1079,E1079
ICN,CR,1080,E1080
ICN,VU,1081,E1081
ICN,VU,1082,E1082
ICN,EN,1083,E1083
ICN,EN,1084,E1084
ICN,CR,1085,E1085
ICN,EN,1086,E1086
ICN,VU,1087,E1087
ICN,EN,1088,E1088
ICN,EN,1089,E1089
ICN,VU,1090,E1090
ICN,VU,1091,E1091
ICN,VU,1092,E1092
ICN,EN,1093,E1093
ICN,EN,1094,E1094
ICN,EN,1095,E1095
ICN,VU,1096,E1096
ICN,CR,1097,E1097
ICN,VU,1098,E1098
ICN,VU,1099,E1099
ICN,VU,1100,E1100
ICN,EN,1101,E1101
ICN,EN,1102,E1102
ICN,EN,1103,E1103
ICN,CR,1104,E1104
ICN,EN,1105,E1105
ICN,VU,1106,E1106
ICN,CR,1107,E1107
ICN,EN,1108,E1108
ICN,CR,1109,E1109
ICN,VU,1110,E1110
ICN,EN,1111,E1111
ICN,EN,1112,E1112
ICN,VU,1113,E1113
ICN,EN,1114,E1114
ICN,VU,1115,E1115
ICN,EN,1116,E1116
ICN,EN,1117,E1117
ICN,EN,1118,E1118
ICN,CR,1119,E1119
ICN,VU,1120,E1120
ICN,EN,1121,E1121
ICN,EN,1122,E1122
ICN,CR,1123,E1123
ICN,VU,1124,E1124
ICN,VU,1125,E1125
ICN,CR,1126,E1126
ICN,VU,1127,E1127
ICN,VU,1128,E1128
ICN,CR,1129,E1129
ICN,CR,1130,E1130
ICN,EN,1131,E1131
ICN,CR,1132,E1132
ICN,CR,1133,E1133
ICN,VU,1134,E1134
ICN,CR,1135,E1135
ICN,VU,1136,E1136
ICN,VU,1137,E1137
ICN,VU,1138,E1138
ICN,EN,1139,E1139
ICN,VU,1140,E1140
ICN,EN,1141,E1141
ICN,VU,1142,E1142
ICN,EN,1143,E1143
ICN,VU,1144,E1144
ICN,CR,1145,E1145
ICN,CR,1146,E1146
ICN,VU,1147,E1147
ICN,EN,1148,E1148
ICN,EN,1149,E1149
ICN,CR,1150,E1150
ICN,VU,1151,E1151
ICN,EN,1152,E1152
ICN,EN,1153,E1153
ICN,EN,1154,E1154
ICN,VU,1155,E1155
ICN,CR,1156,E1156
ICN,EN,1157,E1157
ICN,EN,1158,E1158
ICN,EN,1159,E1159
ICN,EN,1160,E1160
ICN,VU,1161,E1161
ICN,EN,1162,E1162
ICN,CR,1163,E1163
ICN,VU,1164,E1164
ICN,VU,1165,E1165
ICN,EN,1166,E1166
ICN,VU,1167,E1167
ICN,VU,1168,E1168
ICN,VU,1169,E1169
ICN,EN,1170,E1170
ICN,VU,1171,E1171
ICN,VU,1172,E1172
ICN,VU,1173,E1173
ICN,CR,1174,E1174
ICN,VU,1175,E1175
ICN,VU,1176,E1176
ICN,VU,1177,E1177
ICN,VU,1178,E1178
ICN,EN,1179,E1179
ICN,EN,1180,E1180
ICN,VU,1181,E1181
ICN,VU,1182,E1182
ICN,VU,1183,E1183
ICN,EN,1184,E1184
ICN,VU,1185,E1185
ICN,EN,1186,E1186
ICN,EN,1187,E1187
ICN,EN,1188,E1188
ICN,EN,1189,E1189
ICN,EN,1190,E1190
ICN,CR,1191,E1191
ICN,CR,1192,E1192
ICN,EN,1193,E1193
ICN,VU,1194,E1194
ICN,VU,1195,E1195
ICN,CR,1196,E1196
ICN,VU,1197,E1197
ICN,CR,1198,E1198
ICN,CR,1199,E1199
ICN,CR,1200,E1200
ICN,CR,1201,E1201
ICN,EN,1202,E1202
ICN,EN,1203,E1203
ICN,EN,1204,E1204
ICN,EN,1205,E1205
ICN,CR,1206,E1206
ICN,CR,1207,E1207
ICN,EN,1208,E1208
ICN,CR,1209,E1209
ICN,VU,1210,E1210
ICN,EN,1211,E1211
ICN,CR,1212,E1212
ICN,CR,1213,E1213
ICN,EN,1214,E1214
ICN,VU,1215,E1215
ICN,VU,1216,E1216
ICN,VU,1217,E1217
ICN,VU,1218,E1218
ICN,VU,1219,E1219
ICN,VU,1220,E1220
ICN,CR,1221,E1221
ICN,VU,1222,E1222
ICN,EN,1223,E1223
ICN,VU,1224,E1224
ICN,EN,1225,E1225
ICN,EN,1226,E1226
ICN,EN,1227,E1227
ICN,EN,1228,E1228
ICN,EN,1229,E1229
ICN,EN,1230,E1230
ICN,VU,1231,E1231
ICN,EN,1232,E1232
ICN,VU,1233,E1233
ICN,VU,1234,E1234
ICN,EN,1235,E1235
ICN,EN,1236,E1236
ICN,EN,1237,E1237
ICN,VU,1238,E1238
ICN,EN,1239,E1239
ICN,EN,1240,E1240
ICN,EN,1241,E1241
ICN,EN,1242,E1242
ICN,VU,1243,E1243
ICN,EN,1244,E1244
ICN,VU,1245,E1245
ICN,VU,1246,E1246
ICN,EN,1247,E1247
ICN,CR,1248,E1248
ICN,VU,1249,E1249
ICN,EN,1250,E1250
ICN,VU,1251,E1251
ICN,VU,1252,E1252
ICN,CR,1253,E1253
ICN,VU,1254,E1254
ICN,VU,1255,E1255
ICN,EN,1256,E1256
ICN,VU,1257,E1257
ICN,EN,1258,E1258
ICN,VU,1259,E1259
ICN,VU,1260,E1260
ICN,EN,1261,E1261
ICN,CR,1262,E1262
ICN,VU,1263,E1263
ICN,EN,1264,E1264
ICN,EN,1265,E1265
ICN,EN,1266,E1266
ICN,EN,1267,E1267
ICN,EN,1268,E1268
ICN,CR,1269,E1269
ICN,VU,1270,E1270
ICN,EN,1271,E1271
ICN,EN,1272,E1272
ICN,VU,1273,E1273
ICN,VU,1274,E1274
ICN,EN,1275,E1275
ICN,CR,1276,E1276
ICN,EN,1277,E1277
ICN,VU,1278,E1278
ICN,EN,1279,E1279
ICN,EN,1280,E1280
ICN,VU,1281,E1281
ICN,VU,1282,E1282
ICN,CR,1283,E1283
ICN,CR,1284,E1284
ICN,CR,1285,E1285
ICN,CR,1286,E1286
ICN,CR,1287,E1287
ICN,EN,1288,E1288
ICN,EN,1289,E1289
ICN,EN,1290,E1290
ICN,EN,1291,E1291
ICN,EN,1292,E1292
ICN,EN,1293,E1293
ICN,EN,1294,E1294
ICN,EN,1295,E1295
ICN,EN,1296,E1296
ICN,EN,1297,E1297
ICN,EN,1298,E1298
ICN,EN,1299,E1299
ICN,EN,1300,E1300
ICN,VU,1301,E1301
ICN,CR,1302,E1302
ICN,EN,1303,E1303
ICN,EN,1304,E1304
ICN,VU,1305,E1305
ICN,EN,1306,E1306
ICN,CR,1307,E1307
ICN,VU,1308,E1308
ICN,VU,1309,E1309
ICN,EN,1310,E1310
ICN,CR,1311,E1311
ICN,VU,1312,E1312
ICZN,CR,1313,E1313
ICZN,EN,1314,E1314
ICZN,EN,1315,E1315
ICZN,VU,1316,E1316
ICZN,VU,1317,E1317
ICZN,VU,1318,E1318
ICZN,VU,1319,E1319
ICZN,VU,1320,E1320
ICZN,VU,1321,E1321
ICZN,VU,1322,E1322
ICZN,EN,1323,E1323
ICZN,EN,1324,E1324
ICZN,EN,1325,E1325
ICZN,VU,1326,E1326
ICZN,VU,1327,E1327
ICZN,VU,1328,E1328
ICZN,VU,1329,E1329
ICZN,VU,1330,E1330
ICZN,VU,1331,E1331
ICZN,VU,1332,E1332
ICZN,EN,1333,E1333
ICZN,VU,1334,E1334
ICZN,VU,1335,E1335
ICZN,VU,1336,E1336
ICZN,VU,1337,E1337
ICZN,CR,1338,E1338
ICZN,VU,1339,E1339
ICZN,VU,1340,E1340
ICZN,VU,1341,E1341
ICZN,EN,1342,E1342
ICZN,EN,1343,E1343
ICZN,EN,1344,E1344
ICZN,EN,1345,E1345
ICZN,EN,1346,E1346
ICZN,EN,1347,E1347
ICZN,EN,1348,E1348
ICZN,EN,1349,E1349
ICZN,EN,1350,E1350
ICZN,EN,1351,E1351
ICZN,EN,1352,E1352
ICZN,EN,1353,E1353
ICZN,EN,1354,E1354
ICZN,EN,1355,E1355
ICZN,EN,1356,E1356
ICZN,EN,1357,E1357
ICZN,EN,1358,E1358
ICZN,EN,1359,E1359
ICZN,EN,1360,E1360
ICZN,EN,1361,E1361
ICZN,EN,1362,E1362
ICZN,EN,1363,E1363
ICZN,EN,1364,E1364
ICZN,EN,1365,E1365
ICZN,VU,1366,E1366
ICZN,EN,1367,E1367
ICZN,VU,1368,E1368
ICZN,VU,1369,E1369
ICZN,VU,1370,E1370
ICZN,VU,1371,E1371
ICZN,EN,1372,E1372
ICZN,VU,1373,E1373
ICZN,EN,1374,E1374
ICZN,EN,1375,E1375
ICZN,CR,1376,E1376
ICZN,EN,1377,E1377
ICZN,EN,1378,E1378
ICZN,CR,1379,E1379
ICZN,CR,1380,E1380
ICZN,CR,1381,E1381
ICZN,VU,1382,E1382
ICZN,VU,1383,E1383
ICZN,VU,1384,E1384
ICZN,VU,1385,E1385
ICZN,VU,1386,E1386
ICZN,VU,1387,E1387
ICZN,EN,1388,E1388
ICZN,EN,1389,E1389
ICZN,EN,1390,E1390
ICZN,EN,1391,E1391
ICZN,VU,1392,E1392
ICZN,EN,1393,E1393
ICZN,CR,1394,E1394
ICZN,EN,1395,E1395
ICZN,VU,1396,E1396
ICZN,VU,1397,E1397
ICZN,EN,1398,E1398
ICZN,VU,1399,E1399
ICZN,VU,1400,E1400
ICZN,VU,1401,E1401
ICZN,VU,1402,E1402
ICZN,VU,1403,E1403
ICZN,EN,1404,E1404
ICZN,EN,1405,E1405
ICZN,VU,1406,E1406
ICZN,VU,1407,E1407
ICZN,VU,1408,E1408
ICZN,CR,1409,E1409
ICZN,VU,1410,E1410
ICZN,CR,1411,E1411
ICZN,VU,1412,E1412
ICZN,EN,1413,E1413
ICZN,VU,1414,E1414
ICZN,VU,1415,E1415
ICZN,VU,1416,E1416
ICZN,VU,1417,E1417
ICZN,VU,1418,E1418
ICZN,VU,1419,E1419
ICZN,VU,1420,E1420
ICZN,VU,1421,E1421
ICZN,VU,1422,E1422
ICZN,VU,1423,E1423
ICZN,EN,1424,E1424
ICZN,VU,1425,E1425
ICZN,CR,1426,E1426
ICZN,CR,1427,E1427
ICZN,VU,1428,E1428
ICZN,VU,1429,E1429
ICZN,VU,1430,E1430
ICZN,VU,1431,E1431
ICZN,VU,1432,E1432
ICZN,VU,1433,E1433
ICZN,CR,1434,E1434
ICZN,VU,1435,E1435
ICZN,VU,1436,E1436
ICZN,EN,1437,E1437
ICZN,VU,1438,E1438
ICZN,VU,1439,E1439
ICZN,EN,1440,E1440
ICZN,VU,1441,E1441
ICZN,VU,1442,E1442
ICZN,VU,1443,E1443
ICZN,VU,1444,E1444
ICZN,VU,1445,E1445
ICZN,VU,1446,E1446
ICZN,VU,1447,E1447
ICZN,VU,1448,E1448
ICZN,EN,1449,E1449
ICZN,VU,1450,E1450
ICZN,VU,1451,E1451
ICZN,VU,1452,E1452
ICZN,EN,1453,E1453
ICZN,VU,1454,E1454
ICZN,VU,1455,E1455
ICZN,VU,1456,E1456
ICZN,VU,1457,E1457
ICZN,VU,1458,E1458
ICZN,VU,1459,E1459
ICZN,VU,1460,E1460
ICZN,VU,1461,E1461
ICZN,VU,1462,E1462
ICZN,VU,1463,E1463
ICZN,VU,1464,E1464
ICZN,VU,1465,E1465
ICZN,VU,1466,E1466
ICZN,VU,1467,E1467
ICZN,VU,1468,E1468
ICZN,VU,1469,E1469
ICZN,CR,1470,E1470
ICZN,VU,1471,E1471
ICZN,VU,1472,E1472
ICZN,VU,1473,E1473
ICZN,VU,1474,E1474
ICZN,VU,1475,E1475
ICZN,VU,1476,E1476
ICZN,VU,1477,E1477
ICZN,VU,1478,E1478
ICZN,VU,1479,E1479
ICZN,VU,1480,E1480
ICZN,VU,1481,E1481
ICZN,VU,1482,E1482
ICZN,VU,1483,E1483
ICZN,CR,1484,E1484
ICZN,VU,1485,E1485
ICZN,VU,1486,E1486
ICZN,VU,1487,E1487
ICZN,VU,1488,E1488
ICZN,VU,1489,E1489
ICZN,VU,1490,E1490
ICZN,CR,1491,E1491
ICZN,VU,1492,E1492
ICZN,VU,1493,E1493
ICZN,VU,1494,E1494
ICZN,VU,1495,E1495
ICZN,VU,1496,E1496
ICZN,VU,1497,E1497
ICZN,VU,1498,E1498
ICZN,VU,1499,E1499
ICZN,VU,1500,E1500
ICZN,VU,1501,E1501
ICZN,VU,1502,E1502
ICZN,VU,1503,E1503
ICZN,VU,1504,E1504
ICZN,VU,1505,E1505
ICZN,VU,1506,E1506
ICZN,VU,1507,E1507
ICZN,EN,1508,E1508
ICZN,VU,1509,E1509
ICZN,VU,1510,E1510
ICZN,VU,1511,E1511
ICZN,EN,1512,E1512
ICZN,EN,1513,E1513
ICZN,EN,1514,E1514
ICZN,VU,1515,E1515
ICZN,VU,1516,E1516
ICZN,VU,1517,E1517
ICZN,CR,1518,E1518
ICZN,CR,1519,E1519
ICZN,VU,1520,E1520
ICZN,VU,1521,E1521
ICZN,VU,1522,E1522
ICZN,VU,1523,E1523
ICZN,VU,1524,E1524
ICZN,VU,1525,E1525
ICZN,EN,1526,E1526
ICZN,CR,1527,E1527
ICZN,VU,1528,E1528
ICZN,VU,1529,E1529
ICZN,EN,1530,E1530
ICZN,CR,1531,E1531
ICZN,EN,1532,E1532
ICZN,EN,1533,E1533
ICZN,EN,1534,E1534
ICZN,EN,1535,E1535
ICZN,VU,1536,E1536
ICZN,EN,1537,E1537
ICZN,EN,1538,E1538
ICZN,EN,1539,E1539
ICZN,CR,1540,E1540
ICZN,CR,1541,E1541
ICZN,CR,1542,E1542
ICZN,CR,1543,E1543
ICZN,EN,1544,E1544
ICZN,CR,1545,E1545
ICZN,CR,1546,E1546
ICZN,EN,1547,E1547
ICZN,CR,1548,E1548
ICZN,CR,1549,E1549
ICZN,CR,1550,E1550
ICZN,CR,1551,E1551
ICZN,CR,1552,E1552
ICZN,EN,1553,E1553
ICZN,EN,1554,E1554
ICZN,EN,1555,E1555
ICZN,EN,1556,E1556
ICZN,CR,1557,E1557
ICZN,EN,1558,E1558
ICZN,CR,1559,E1559
ICZN,CR,1560,E1560
ICZN,EN,1561,E1561
ICZN,CR,1562,E1562
ICZN,CR,1563,E1563
ICZN,CR,1564,E1564
ICZN,CR,1565,E1565
ICZN,CR,1566,E1566
ICZN,CR,1567,E1567
ICZN,CR,1568,E1568
ICZN,CR,1569,E1569
ICZN,CR,1570,E1570
ICZN,CR,1571,E1571
ICZN,CR,1572,E1572
ICZN,CR,1573,E1573
ICZN,VU,1574,E1574
ICZN,VU,1575,E1575
ICZN,VU,1576,E1576
ICZN,CR,1577,E1577
ICZN,CR,1578,E1578
ICZN,EN,1579,E1579
ICZN,EN,1580,E1580
ICZN,EN,1581,E1581
ICZN,EN,1582,E1582
ICZN,VU,1583,E1583
ICZN,EN,1584,E1584
ICZN,CR,1585,E1585
ICZN,VU,1586,E1586
ICZN,EN,1587,E1587
ICZN,EN,1588,E1588
ICZN,EN,1589,E1589
ICZN,CR,1590,E1590
ICZN,VU,1591,E1591
ICZN,EN,1592,E1592
ICZN,EN,1593,E1593
ICZN,EN,1594,E1594
ICZN,VU,1595,E1595
ICZN,EN,1596,E1596
ICZN,EN,1597,E1597
ICZN,VU,1598,E1598
ICZN,VU,1599,E1599
ICZN,EN,1600,E1600
ICZN,VU,1601,E1601
ICZN,EN,1602,E1602
ICZN,VU,1603,E1603
ICZN,CR,1604,E1604
ICZN,EN,1605,E1605
ICZN,EN,1606,E1606
ICZN,VU,1607,E1607
ICZN,EN,1608,E1608
ICZN,EN,1609,E1609
ICZN,EN,1610,E1610
ICZN,VU,1611,E1611
ICZN,VU,1612,E1612
ICZN,VU,1613,E1613
ICZN,VU,1614,E1614
ICZN,EN,1615,E1615
ICZN,VU,1616,E1616
ICZN,CR,1617,E1617
ICZN,EN,1618,E1618
ICZN,EN,1619,E1619
ICZN,EN,1620,E1620
ICZN,VU,1621,E1621
ICZN,VU,1622,E1622
ICZN,VU,1623,E1623
ICZN,EN,1624,E1624
ICZN,EN,1625,E1625
ICZN,EN,1626,E1626
ICZN,EN,1627,E1627
ICZN,EN,1628,E1628
ICZN,CR,1629,E1629
ICZN,EN,1630,E1630
ICZN,VU,1631,E1631
ICZN,EN,1632,E1632
ICZN,EN,1633,E1633
ICZN,EN,1634,E1634
ICZN,EN,1635,E1635
ICZN,EN,1636,E1636
ICZN,CR,1637,E1637
ICZN,VU,1638,E1638
ICZN,CR,1639,E1639
ICZN,VU,1640,E1640
ICZN,EN,1641,E1641
ICZN,CR,1642,E1642
ICZN,EN,1643,E1643
ICZN,EN,1644,E1644
ICZN,EN,1645,E1645
ICZN,VU,1646,E1646
ICZN,CR,1647,E1647
ICZN,VU,1648,E1648
ICZN,VU,1649,E1649
ICZN,EN,1650,E1650
ICZN,EN,1651,E1651
ICZN,EN,1652,E1652
ICZN,EN,1653,E1653
ICZN,CR,1654,E1654
ICZN,EN,1655,E1655
ICZN,CR,1656,E1656
ICZN,CR,1657,E1657
ICZN,EN,1658,E1658
ICZN,VU,1659,E1659
ICZN,VU,1660,E1660
ICZN,VU,1661,E1661
ICZN,VU,1662,E1662
ICZN,VU,1663,E1663
ICZN,VU,1664,E1664
ICZN,VU,1665,E1665
ICZN,VU,1666,E1666
ICZN,VU,1667,E1667
ICZN,EN,1668,E1668
ICZN,VU,1669,E1669
ICZN,EN,1670,E1670
ICZN,EN,1671,E1671
ICZN,EN,1672,E1672
ICZN,CR,1673,E1673
ICZN,VU,1674,E1674
ICZN,EN,1675,E1675
ICZN,VU,1676,E1676
ICZN,CR,1677,E1677
ICZN,EN,1678,E1678
ICZN,VU,1679,E1679
ICZN,VU,1680,E1680
ICZN,VU,1681,E1681
ICZN,EN,1682,E1682
ICZN,CR,1683,E1683
ICZN,EN,1684,E1684
ICZN,EN,1685,E1685
ICZN,VU,1686,E1686
ICZN,CR,1687,E1687
ICZN,VU,1688,E1688
ICZN,EN,1689,E1689
ICZN,CR,1690,E1690
ICZN,EN,1691,E1691
ICZN,EN,1692,E1692
ICZN,EN,1693,E1693
ICZN,EN,1694,E1694
ICZN,CR,1695,E1695
ICZN,VU,1696,E1696
ICZN,CR,1697,E1697
ICZN,VU,1698,E1698
ICZN,EN,1699,E1699
ICZN,CR,1700,E1700
ICZN,EN,1701,E1701
ICZN,VU,1702,E1702
ICZN,VU,1703,E1703
ICZN,CR,1704,E1704
ICZN,EN,1705,E1705
ICZN,EN,1706,E1706
ICZN,VU,1707,E1707
ICZN,VU,1708,E1708
ICZN,VU,1709,E1709
ICZN,EN,1710,E1710
ICZN,EN,1711,E1711
ICZN,EN,1712,E1712
ICZN,VU,1713,E1713
ICZN,CR,1714,E1714
ICZN,VU,1715,E1715
ICZN,EN,1716,E1716
ICZN,VU,1717,E1717
ICZN,CR,1718,E1718
ICZN,VU,1719,E1719
ICZN,VU,1720,E1720
ICZN,VU,1721,E1721
ICZN,EN,1722,E1722
ICZN,VU,1723,E1723
ICZN,CR,1724,E1724
ICZN,CR,1725,E1725
ICZN,VU,1726,E1726
ICZN,CR,1727,E1727
ICZN,EN,1728,E1728
ICZN,EN,1729,E1729
ICZN,VU,1730,E1730
ICZN,VU,1731,E1731
ICZN,CR,1732,E1732
ICZN,EN,1733,E1733
ICZN,VU,1734,E1734
ICZN,EN,1735,E1735
ICZN,CR,1736,E1736
ICZN,EN,1737,E1737
ICZN,VU,1738,E1738
ICZN,VU,1739,E1739
ICZN,CR,1740,E1740
ICZN,VU,1741,E1741
ICZN,EN,1742,E1742
ICZN,VU,1743,E1743
ICZN,EN,1744,E1744
ICZN,VU,1745,E1745
ICZN,VU,1746,E1746
ICZN,EN,1747,E1747
ICZN,VU,1748,E1748
ICZN,VU,1749,E1749
ICZN,VU,1750,E1750
ICZN,EN,1751,E1751
ICZN,CR,1752,E1752
ICZN,VU,1753,E1753
ICZN,EN,1754,E1754
ICZN,EN,1755,E1755
ICZN,CR,1756,E1756
ICZN,VU,1757,E1757
ICZN,VU,1758,E1758
ICZN,EN,1759,E1759
ICZN,CR,1760,E1760
ICZN,VU,1761,E1761
ICZN,CR,1762,E1762
ICZN,EN,1763,E1763
ICZN,CR,1764,E1764
ICZN,VU,1765,E1765
ICZN,EN,1766,E1766
ICZN,EN,1767,E1767
ICZN,CR,1768,E1768
ICZN,VU,1769,E1769
ICZN,EN,1770,E1770
ICZN,EN,1771,E1771
ICZN,EN,1772,E1772
ICZN,CR,1773,E1773
ICZN,CR,1774,E1774
ICZN,CR,1775,E1775
ICZN,VU,1776,E1776
ICZN,CR,1777,E1777
ICZN,EN,1778,E1778
ICZN,EN,1779,E1779
ICZN,EN,1780,E1780
ICZN,EN,1781,E1781
ICZN,VU,1782,E1782
ICZN,EN,1783,E1783
ICZN,VU,1784,E1784
ICZN,VU,1785,E1785
ICZN,EN,1786,E1786
ICZN,EN,1787,E1787
ICZN,CR,1788,E1788
ICZN,CR,1789,E1789
ICZN,EN,1790,E1790
ICZN,VU,1791,E1791
ICZN,EN,1792,E1792
ICZN,EN,1793,E1793
ICZN,EN,1794,E1794
ICZN,EN,1795,E1795
ICZN,VU,1796,E1796
ICZN,EN,1797,E1797
ICZN,EN,1798,E1798
ICZN,EN,1799,E1799
ICZN,VU,1800,E1800
ICZN,VU,1801,E1801
ICZN,EN,1802,E1802
ICZN,VU,1803,E1803
ICZN,CR,1804,E1804
ICZN,CR,1805,E1805
ICZN,EN,1806,E1806
ICZN,VU,1807,E1807
ICZN,VU,1808,E1808
ICZN,EN,1809,E1809
ICZN,VU,1810,E1810
ICZN,EN,1811,E1811
ICZN,VU,1812,E1812
ICZN,CR,1813,E1813
ICZN,EN,1814,E1814
ICZN,EN,1815,E1815
ICZN,VU,1816,E1816
ICZN,EN,1817,E1817
ICZN,CR,1818,E1818
ICZN,EN,1819,E1819
ICZN,VU,1820,E1820
ICZN,VU,1821,E1821
ICZN,EN,1822,E1822
ICZN,CR,1823,E1823
ICZN,CR,1824,E1824
ICZN,EN,1825,E1825
ICZN,CR,1826,E1826
ICZN,EN,1827,E1827
ICZN,VU,1828,E1828
ICZN,CR,1829,E1829
ICZN,VU,1830,E1830
ICZN,VU,1831,E1831
ICZN,EN,1832,E1832
ICZN,VU,1833,E1833
ICZN,EN,1834,E1834
ICZN,EN,1835,E1835
ICZN,VU,1836,E1836
ICZN,VU,1837,E1837
ICZN,EN,1838,E1838
ICZN,VU,1839,E1839
ICZN,EN,1840,E1840
ICZN,EN,1841,E1841
ICZN,VU,1842,E1842
ICZN,EN,1843,E1843
ICZN,CR,1844,E1844
ICZN,EN,1845,E1845
ICZN,CR,1846,E1846
ICZN,VU,1847,E1847
ICZN,CR,1848,E1848
ICZN,EN,1849,E1849
ICZN,VU,1850,E1850
ICZN,VU,1851,E1851
ICZN,CR,1852,E1852
ICZN,CR,1853,E1853
ICZN,EN,1854,E1854
ICZN,VU,1855,E1855
ICZN,VU,1856,E1856
ICZN,EN,1857,E1857
ICZN,CR,1858,E1858
ICZN,VU,1859,E1859
ICZN,EN,1860,E1860
ICZN,VU,1861,E1861
ICZN,CR,1862,E1862
ICZN,VU,1863,E1863
ICZN,EN,1864,E1864
ICZN,EN,1865,E1865
ICZN,EN,1866,E1866
ICZN,VU,1867,E1867
ICZN,CR,1868,E1868
ICZN,EN,1869,E1869
ICZN,EN,1870,E1870
ICZN,VU,1871,E1871
ICZN,EN,1872,E1872
ICZN,VU,1873,E1873
ICZN,EN,1874,E1874
ICZN,EN,1875,E1875
ICZN,EN,1876,E1876
ICZN,EN,1877,E1877
ICZN,CR,1878,E1878
ICZN,EN,1879,E1879
ICZN,VU,1880,E1880
ICZN,EN,1881,E1881
ICZN,VU,1882,E1882
ICZN,CR,1883,E1883
ICZN,CR,1884,E1884
ICZN,EN,1885,E1885
ICZN,EN,1886,E1886
ICZN,EN,1887,E1887
ICZN,EN,1888,E1888
ICZN,EN,1889,E1889
ICZN,VU,1890,E1890
ICZN,CR,1891,E1891
ICZN,VU,1892,E1892
ICZN,EN,1893,E1893
ICZN,VU,1894,E1894
ICZN,VU,1895,E1895
ICZN,VU,1896,E1896
ICZN,VU,1897,E1897
ICZN,EN,1898,E1898
ICZN,EN,1899,E1899
ICZN,CR,1900,E1900
ICZN,CR,1901,E1901
ICZN,EN,1902,E1902
ICZN,VU,1903,E1903
ICZN,EN,1904,E1904
ICZN,EN,1905,E1905
ICZN,EN,1906,E1906
ICZN,VU,1907,E1907
ICZN,EN,1908,E1908
ICZN,VU,1909,E1909
ICZN,EN,1910,E1910
ICZN,EN,1911,E1911
ICZN,VU,1912,E1912
ICZN,EN,1913,E1913
ICZN,EN,1914,E1914
ICZN,EN,1915,E1915
ICZN,VU,1916,E1916
ICZN,VU,1917,E1917
ICZN,VU,1918,E1918
ICZN,CR,1919,E1919
ICZN,VU,1920,E1920
ICZN,EN,1921,E1921
ICZN,EN,1922,E1922
ICZN,VU,1923,E1923
ICZN,EN,1924,E1924
ICZN,VU,1925,E1925
ICZN,EN,1926,E1926
ICZN,VU,1927,E1927
ICZN,VU,1928,E1928
ICZN,VU,1929,E1929
ICZN,EN,1930,E1930
ICZN,EN,1931,E1931
ICZN,CR,1932,E1932
ICZN,VU,1933,E1933
ICZN,EN,1934,E1934
ICZN,VU,1935,E1935
ICZN,CR,1936,E1936
ICZN,VU,1937,E1937
ICZN,VU,1938,E1938
ICZN,VU,1939,E1939
ICZN,VU,1940,E1940
ICZN,EN,1941,E1941
ICZN,EN,1942,E1942
ICZN,VU,1943,E1943
ICZN,VU,1944,E1944
ICZN,EN,1945,E1945
ICZN,VU,1946,E1946
ICZN,VU,1947,E1947
ICZN,EN,1948,E1948
ICZN,EN,1949,E1949
ICZN,VU,1950,E1950
ICZN,EN,1951,E1951
ICZN,VU,1952,E1952
ICZN,VU,1953,E1953
ICZN,CR,1954,E1954
ICZN,EN,1955,E1955
ICZN,EN,1956,E1956
ICZN,EN,1957,E1957
ICZN,EN,1958,E1958
ICZN,VU,1959,E1959
ICZN,VU,1960,E1960
ICZN,VU,1961,E1961
ICZN,EN,1962,E1962
ICZN,VU,1963,E1963
ICZN,VU,1964,E1964
ICZN,VU,1965,E1965
ICZN,VU,1966,E1966
ICZN,EN,1967,E1967
ICZN,VU,1968,E1968
ICZN,VU,1969,E1969
ICZN,VU,1970,E1970
ICZN,VU,1971,E1971
ICZN,VU,1972,E1972
ICZN,VU,1973,E1973
ICZN,VU,1974,E1974
ICZN,EN,1975,E1975
ICZN,VU,1976,E1976
ICZN,VU,1977,E1977
ICZN,VU,1978,E1978
ICZN,VU,1979,E1979
ICZN,VU,1980,E1980
ICZN,CR,1981,E1981
ICZN,VU,1982,E1982
ICZN,CR,1983,E1983
ICZN,EN,1984,E1984
ICZN,EN,1985,E1985
ICZN,VU,1986,E1986
ICZN,VU,1987,E1987
ICZN,EN,1988,E1988
ICZN,EN,1989,E1989
ICZN,EN,1990,E1990
ICZN,VU,1991,E1991
ICZN,CR,1992,E1992
ICZN,VU,1993,E1993
ICZN,VU,1994,E1994
ICZN,VU,1995,E1995
ICZN,CR,1996,E1996
ICZN,VU,1997,E1997
ICZN,EN,1998,E1998
ICZN,VU,1999,E1999
ICZN,EN,2000,E2000
ICZN,EN,2001,E2001
ICZN,VU,2002,E2002
ICZN,VU,2003,E2003
ICZN,VU,2004,E2004
ICZN,VU,2005,E2005
ICZN,EN,2006,E2006
ICZN,VU,2007,E2007
ICZN,EN,2008,E2008
ICZN,EN,2009,E2009
ICZN,EN,2010,E2010
ICZN,EN,2011,E2011
ICZN,VU,2012,E2012
ICZN,EN,2013,E2013
ICZN,EN,2014,E2014
ICZN,VU,2015,E2015
ICZN,VU,2016,E2016
ICZN,VU,2017,E2017
ICZN,VU,2018,E2018
ICZN,VU,2019,E2019
ICZN,CR,2020,E2020
ICZN,VU,2021,E2021
ICZN,VU,2022,E2022
ICZN,CR,2023,E2023
ICZN,EN,2024,E2024
ICZN,EN,2025,E2025
ICZN,VU,2026,E2026
ICZN,VU,2027,E2027
ICZN,CR,2028,E2028
ICZN,VU,2029,E2029
ICZN,VU,2030,E2030
ICZN,VU,2031,E2031
ICZN,VU,2032,E2032
ICZN,CR,2033,E2033
ICZN,VU,2034,E2034
ICZN,VU,2035,E2035
ICN,EN,2036,E2036
ICN,CR,2037,E2037
ICN,VU,2038,E2038
ICN,EN,2039,E2039
ICZN,VU,2040,E2040
ICZN,EN,2041,E2041
ICZN,EN,2042,E2042
ICZN,EN,2043,E2043
ICZN,CR,2044,E2044
ICZN,VU,2045,E2045
ICZN,VU,2046,E2046
ICZN,VU,2047,E2047
ICZN,VU,2048,E2048
ICZN,EN,2049,E2049
ICZN,VU,2050,E2050
ICZN,EN,2051,E2051
ICZN,VU,2052,E2052
ICZN,VU,2053,E2053
ICZN,VU,2054,E2054
ICZN,VU,2055,E2055
ICZN,EN,2056,E2056
ICZN,VU,2057,E2057
ICZN,VU,2058,E2058
ICZN,VU,2059,E2059
ICZN,VU,2060,E2060
ICZN,EN,2061,E2061
ICZN,VU,2062,E2062
ICZN,EN,2063,E2063
ICZN,VU,2064,E2064
ICZN,EN,2065,E2065
ICZN,EN,2066,E2066
ICZN,EN,2067,E2067
ICZN,EN,2068,E2068
ICZN,VU,2069,E2069
ICN,VU,2070,E2070
ICN,EN,2071,E2071
ICN,EN,2072,E2072
ICN,EN,2073,E2073
ICN,EN,2074,E2074
ICN,EN,2075,E2075
ICN,EN,2076,E2076
ICN,CR,2077,E2077
ICN,VU,2078,E2078
ICN,VU,2079,E2079
ICN,EN,2080,E2080
ICN,VU,2081,E2081
ICN,EN,2082,E2082
ICN,VU,2083,E2083
ICN,VU,2084,E2084
ICN,VU,2085,E2085
ICN,VU,2086,E2086
ICN,VU,2087,E2087
ICN,VU,2088,E2088
ICN,VU,2089,E2089
ICN,VU,2090,E2090
ICN,VU,2091,E2091
ICN,EN,2092,E2092
ICN,VU,2093,E2093
ICN,EN,2094,E2094
ICN,VU,2095,E2095
ICN,CR,2096,E2096
ICN,VU,2097,E2097
ICZN,EN,2098,E2098
ICZN,VU,2099,E2099
ICZN,VU,2100,E2100
ICZN,CR,2101,E2101
ICZN,VU,2102,E2102
ICZN,CR,2103,E2103
