Especies Amenazadas,,
CODIGO INTERESPECIFIDAD,ID NOMENCLATURA,ESTADO DE AMENAZA
1,ICN,CR
2,ICN,CR
3,ICN,CR
4,ICN,CR
5,ICN,CR
6,ICN,CR
7,ICN,VU
8,ICN,CR
9,ICN,CR
10,ICN,CR
11,ICN,CR
12,ICN,CR
13,ICN,CR
14,ICN,EN
15,ICN,CR
16,ICN,EN
17,ICN,CR
18,ICN,CR
19,ICN,CR
20,ICN,CR
21,ICN,CR
22,ICN,CR
23,ICN,EN
24,ICN,EN
25,ICN,CR
26,ICN,CR
27,ICN,CR
28,ICN,CR
29,ICN,CR
30,ICN,CR
31,ICN,CR
32,ICN,CR
33,ICN,CR
34,ICN,EN
35,ICN,CR
36,ICN,CR
37,ICN,CR
38,ICN,VU
39,ICN,VU
40,ICN,CR
41,ICN,VU
42,ICN,EN
43,ICN,EN
44,ICN,EN
45,ICN,VU
46,ICN,CR
47,ICN,CR
48,ICN,VU
49,ICN,EN
50,ICN,CR
51,ICN,CR
52,ICN,EN
53,ICN,EN
54,ICN,CR
55,ICN,CR
56,ICN,CR
57,ICN,CR
58,ICN,VU
59,ICN,EN
60,ICN,EN
61,ICN,VU
62,ICN,VU
63,ICN,EN
64,ICN,EN
65,ICN,CR
66,ICN,CR
67,ICN,VU
68,ICN,CR
69,ICN,CR
70,ICN,CR
71,ICN,CR
72,ICN,EN
73,ICN,EN
74,ICN,CR
75,ICN,CR
76,ICN,CR
77,ICN,CR
78,ICN,EN
79,ICN,CR
80,ICN,CR
81,ICN,CR
82,ICN,VU
83,ICN,EN
84,ICN,VU
85,ICN,VU
86,ICN,VU
87,ICN,EN
88,ICN,EN
89,ICN,CR
90,ICN,CR
91,ICN,VU
92,ICN,CR
93,ICN,VU
94,ICN,VU
95,ICN,VU
96,ICN,CR
97,ICN,EN
98,ICN,CR
99,ICN,VU
100,ICN,CR
101,ICN,VU
102,ICN,CR
103,ICN,VU
104,ICN,CR
105,ICN,VU
106,ICN,CR
107,ICN,VU
108,ICN,VU
109,ICN,CR
110,ICN,VU
111,ICN,EN
112,ICN,VU
113,ICN,CR
114,ICN,EN
115,ICN,VU
116,ICN,VU
117,ICN,CR
118,ICN,VU
119,ICN,EN
120,ICN,CR
121,ICN,EN
122,ICN,CR
123,ICN,VU
124,ICN,VU
125,ICN,CR
126,ICN,EN
127,ICN,CR
128,ICN,EN
129,ICN,VU
130,ICN,VU
131,ICN,VU
132,ICN,VU
133,ICN,VU
134,ICN,EN
135,ICN,EN
136,ICN,CR
137,ICN,EN
138,ICN,VU
139,ICN,CR
140,ICN,VU
141,ICN,VU
142,ICN,VU
143,ICN,VU
144,ICN,CR
145,ICN,VU
146,ICN,CR
147,ICN,CR
148,ICN,VU
149,ICN,CR
150,ICN,CR
151,ICN,VU
152,ICN,EN
153,ICN,CR
154,ICN,CR
155,ICN,CR
156,ICN,EN
157,ICN,EN
158,ICN,EN
159,ICN,CR
160,ICN,EN
161,ICN,EN
162,ICN,VU
163,ICN,EN
164,ICN,VU
165,ICN,EN
166,ICN,VU
167,ICN,CR
168,ICN,CR
169,ICN,VU
170,ICN,VU
171,ICN,EN
172,ICN,CR
173,ICN,CR
174,ICN,CR
175,ICN,EN
176,ICN,EN
177,ICN,VU
178,ICN,VU
179,ICN,CR
180,ICN,EN
181,ICN,EN
182,ICN,CR
183,ICN,CR
184,ICN,EN
185,ICN,CR
186,ICN,EN
187,ICN,EN
188,ICN,EN
189,ICN,EN
190,ICN,EN
191,ICN,EN
192,ICN,CR
193,ICN,CR
194,ICN,CR
195,ICN,CR
196,ICN,EN
197,ICN,CR
198,ICN,VU
199,ICN,VU
200,ICN,VU
201,ICN,VU
202,ICN,VU
203,ICN,CR
204,ICN,VU
205,ICN,EN
206,ICN,EN
207,ICN,VU
208,ICN,CR
209,ICN,EN
210,ICN,CR
211,ICN,CR
212,ICN,CR
213,ICN,CR
214,ICN,CR
215,ICN,EN
216,ICN,CR
217,ICN,VU
218,ICN,CR
219,ICN,VU
220,ICN,EN
221,ICN,EN
222,ICN,EN
223,ICN,VU
224,ICN,VU
225,ICN,EN
226,ICN,CR
227,ICN,CR
228,ICN,EN
229,ICN,EN
230,ICN,EN
231,ICN,CR
232,ICN,VU
233,ICN,EN
234,ICN,CR
235,ICN,CR
236,ICN,CR
237,ICN,CR
238,ICN,VU
239,ICN,VU
240,ICN,CR
241,ICN,EN
242,ICN,CR
243,ICN,CR
244,ICN,EN
245,ICN,CR
246,ICN,EN
247,ICN,EN
248,ICN,VU
249,ICN,VU
250,ICN,CR
251,ICN,EN
252,ICN,VU
253,ICN,VU
254,ICN,CR
255,ICN,EN
256,ICN,EN
257,ICN,EN
258,ICN,EN
259,ICN,VU
260,ICN,EN
261,ICN,CR
262,ICN,VU
263,ICN,EN
264,ICN,EN
265,ICN,EN
266,ICN,VU
267,ICN,VU
268,ICN,CR
269,ICN,CR
270,ICN,EN
271,ICN,CR
272,ICN,CR
273,ICN,EN
274,ICN,VU
275,ICN,EN
276,ICN,CR
277,ICN,EN
278,ICN,EN
279,ICN,VU
280,ICN,CR
281,ICN,VU
282,ICN,CR
283,ICN,EN
284,ICN,CR
285,ICN,EN
286,ICN,CR
287,ICN,CR
288,ICN,CR
289,ICN,EN
290,ICN,VU
291,ICN,EN
292,ICN,VU
293,ICN,EN
294,ICN,EN
295,ICN,EN
296,ICN,EN
297,ICN,EN
298,ICN,VU
299,ICN,VU
300,ICN,CR
301,ICN,EN
302,ICN,EN
303,ICN,EN
304,ICN,EN
305,ICN,VU
306,ICN,VU
307,ICN,EN
308,ICN,EN
309,ICN,CR
310,ICN,VU
311,ICN,EN
312,ICN,EN
313,ICN,VU
314,ICN,EN
315,ICN,VU
316,ICN,EN
317,ICN,VU
318,ICN,VU
319,ICN,CR
320,ICN,VU
321,ICN,VU
322,ICN,VU
323,ICN,EN
324,ICN,EN
325,ICN,EN
326,ICN,CR
327,ICN,EN
328,ICN,EN
329,ICN,EN
330,ICN,EN
331,ICN,EN
332,ICN,EN
333,ICN,VU
334,ICN,EN
335,ICN,EN
336,ICN,VU
337,ICN,VU
338,ICN,EN
339,ICN,EN
340,ICN,EN
341,ICN,VU
342,ICN,EN
343,ICN,EN
344,ICN,EN
345,ICN,EN
346,ICN,CR
347,ICN,EN
348,ICN,EN
349,ICN,EN
350,ICN,EN
351,ICN,EN
352,ICN,VU
353,ICN,EN
354,ICN,EN
355,ICN,VU
356,ICN,VU
357,ICN,CR
358,ICN,VU
359,ICN,EN
360,ICN,CR
361,ICN,CR
362,ICN,EN
363,ICN,VU
364,ICN,CR
365,ICN,EN
366,ICN,CR
367,ICN,VU
368,ICN,VU
369,ICN,CR
370,ICN,EN
371,ICN,EN
372,ICN,VU
373,ICN,EN
374,ICN,EN
375,ICN,VU
376,ICN,EN
377,ICN,EN
378,ICN,EN
379,ICN,EN
380,ICN,VU
381,ICN,EN
382,ICN,VU
383,ICN,VU
384,ICN,VU
385,ICN,CR
386,ICN,VU
387,ICN,CR
388,ICN,VU
389,ICN,VU
390,ICN,EN
391,ICN,VU
392,ICN,VU
393,ICN,VU
394,ICN,VU
395,ICN,EN
396,ICN,EN
397,ICN,EN
398,ICN,VU
399,ICN,VU
400,ICN,EN
401,ICN,VU
402,ICN,VU
403,ICN,VU
404,ICN,EN
405,ICN,VU
406,ICN,VU
407,ICN,VU
408,ICN,VU
409,ICN,VU
410,ICN,EN
411,ICN,CR
412,ICN,EN
413,ICN,EN
414,ICN,EN
415,ICN,CR
416,ICN,VU
417,ICN,EN
418,ICN,EN
419,ICN,VU
420,ICN,VU
421,ICN,EN
422,ICN,VU
423,ICN,CR
424,ICN,EN
425,ICN,EN
426,ICN,CR
427,ICN,EN
428,ICN,CR
429,ICN,CR
430,ICN,EN
431,ICN,VU
432,ICN,CR
433,ICN,VU
434,ICN,EN
435,ICN,EN
436,ICN,VU
437,ICN,EN
438,ICN,VU
439,ICN,EN
440,ICN,CR
441,ICN,CR
442,ICN,EN
443,ICN,VU
444,ICN,CR
445,ICN,CR
446,ICN,VU
447,ICN,EN
448,ICN,CR
449,ICN,EN
450,ICN,EN
451,ICN,CR
452,ICN,VU
453,ICN,EN
454,ICN,VU
455,ICN,EN
456,ICN,VU
457,ICN,EN
458,ICN,VU
459,ICN,EN
460,ICN,EN
461,ICN,VU
462,ICN,CR
463,ICN,VU
464,ICN,VU
465,ICN,EN
466,ICN,VU
467,ICN,EN
468,ICN,VU
469,ICN,CR
470,ICN,VU
471,ICN,EN
472,ICN,VU
473,ICN,VU
474,ICN,EN
475,ICN,VU
476,ICN,EN
477,ICN,VU
478,ICN,EN
479,ICN,VU
480,ICN,EN
481,ICN,VU
482,ICN,VU
483,ICN,EN
484,ICN,EN
485,ICN,EN
486,ICN,VU
487,ICN,EN
488,ICN,VU
489,ICN,EN
490,ICN,VU
491,ICN,VU
492,ICN,EN
493,ICN,CR
494,ICN,VU
495,ICN,EN
496,ICN,CR
497,ICN,EN
498,ICN,VU
499,ICN,VU
500,ICN,EN
501,ICN,EN
502,ICN,CR
503,ICN,VU
504,ICN,EN
505,ICN,VU
506,ICN,VU
507,ICN,VU
508,ICN,VU
509,ICN,EN
510,ICN,CR
511,ICN,VU
512,ICN,EN
513,ICN,VU
514,ICN,VU
515,ICN,CR
516,ICN,VU
517,ICN,VU
518,ICN,EN
519,ICN,EN
520,ICN,CR
521,ICN,CR
522,ICN,EN
523,ICN,CR
524,ICN,EN
525,ICN,CR
526,ICN,VU
527,ICN,CR
528,ICN,CR
529,ICN,EN
530,ICN,EN
531,ICN,EN
532,ICN,EN
533,ICN,VU
534,ICN,EN
535,ICN,CR
536,ICN,EN
537,ICN,VU
538,ICN,EN
539,ICN,EN
540,ICN,EN
541,ICN,EN
542,ICN,CR
543,ICN,CR
544,ICN,CR
545,ICN,EN
546,ICN,EN
547,ICN,CR
548,ICN,EN
549,ICN,EN
550,ICN,EN
551,ICN,EN
552,ICN,EN
553,ICN,VU
554,ICN,VU
555,ICN,VU
556,ICN,VU
557,ICN,VU
558,ICN,EN
559,ICN,EN
560,ICN,VU
561,ICN,EN
562,ICN,EN
563,ICN,EN
564,ICN,VU
565,ICN,VU
566,ICN,VU
567,ICN,EN
568,ICN,VU
569,ICN,EN
570,ICN,VU
571,ICN,EN
572,ICN,EN
573,ICN,VU
574,ICN,VU
575,ICN,VU
576,ICN,VU
577,ICN,EN
578,ICN,VU
579,ICN,VU
580,ICN,VU
581,ICN,EN
582,ICN,CR
583,ICN,CR
584,ICN,CR
585,ICN,CR
586,ICN,VU
587,ICN,VU
588,ICN,VU
589,ICN,VU
590,ICN,EN
591,ICN,CR
592,ICN,EN
593,ICN,EN
594,ICN,CR
595,ICN,EN
596,ICN,CR
597,ICN,VU
598,ICN,EN
599,ICN,VU
600,ICN,EN
601,ICN,VU
602,ICN,EN
603,ICN,EN
604,ICN,EN
605,ICN,EN
606,ICN,CR
607,ICN,CR
608,ICN,CR
609,ICN,CR
610,ICN,VU
611,ICN,EN
612,ICN,VU
613,ICN,CR
614,ICN,CR
615,ICN,VU
616,ICN,VU
617,ICN,EN
618,ICN,VU
619,ICN,EN
620,ICN,EN
621,ICN,EN
622,ICN,VU
623,ICN,VU
624,ICN,VU
625,ICN,VU
626,ICN,EN
627,ICN,VU
628,ICN,VU
629,ICN,EN
630,ICN,VU
631,ICN,VU
632,ICN,EN
633,ICN,VU
634,ICN,VU
635,ICN,VU
636,ICN,VU
637,ICN,VU
638,ICN,VU
639,ICN,VU
640,ICN,VU
641,ICN,VU
642,ICN,VU
643,ICN,CR
644,ICN,EN
645,ICN,VU
646,ICN,VU
647,ICN,EN
648,ICN,EN
649,ICN,EN
650,ICN,EN
651,ICN,VU
652,ICN,VU
653,ICN,VU
654,ICN,VU
655,ICN,VU
656,ICN,EN
657,ICN,VU
658,ICN,VU
659,ICN,EN
660,ICN,EN
661,ICN,VU
662,ICN,VU
663,ICN,VU
664,ICN,VU
665,ICN,VU
666,ICN,VU
667,ICN,CR
668,ICN,CR
669,ICN,EN
670,ICN,EN
671,ICN,VU
672,ICN,EN
673,ICN,EN
674,ICN,EN
675,ICN,EN
676,ICN,EN
677,ICN,EN
678,ICN,VU
679,ICN,CR
680,ICN,CR
681,ICN,VU
682,ICN,CR
683,ICN,EN
684,ICN,EN
685,ICN,CR
686,ICN,VU
687,ICN,EN
688,ICN,EN
689,ICN,EN
690,ICN,EN
691,ICN,EN
692,ICN,EN
693,ICN,EN
694,ICN,VU
695,ICN,EN
696,ICN,VU
697,ICN,VU
698,ICN,VU
699,ICN,VU
700,ICN,CR
701,ICN,EN
702,ICN,VU
703,ICN,EN
704,ICN,CR
705,ICN,EN
706,ICN,EN
707,ICN,EN
708,ICN,VU
709,ICN,EN
710,ICN,EN
711,ICN,VU
712,ICN,EN
713,ICN,VU
714,ICN,VU
715,ICN,VU
716,ICN,EN
717,ICN,VU
718,ICN,EN
719,ICN,EN
720,ICN,EN
721,ICN,EN
722,ICN,VU
723,ICN,VU
724,ICN,EN
725,ICN,VU
726,ICN,EN
727,ICN,EN
728,ICN,VU
729,ICN,EN
730,ICN,VU
731,ICN,EN
732,ICN,VU
733,ICN,VU
734,ICN,VU
735,ICN,EN
736,ICN,EN
737,ICN,VU
738,ICN,VU
739,ICN,EN
740,ICN,EN
741,ICN,VU
742,ICN,VU
743,ICN,CR
744,ICN,VU
745,ICN,VU
746,ICN,VU
747,ICN,VU
748,ICN,VU
749,ICN,EN
750,ICN,VU
751,ICN,VU
752,ICN,EN
753,ICN,VU
754,ICN,EN
755,ICN,VU
756,ICN,VU
757,ICN,VU
758,ICN,VU
759,ICN,VU
760,ICN,VU
761,ICN,VU
762,ICN,VU
763,ICN,EN
764,ICN,EN
765,ICN,EN
766,ICN,VU
767,ICN,VU
768,ICN,EN
769,ICN,VU
770,ICN,VU
771,ICN,EN
772,ICN,EN
773,ICN,VU
774,ICN,EN
775,ICN,EN
776,ICN,VU
777,ICN,VU
778,ICN,VU
779,ICN,VU
780,ICN,EN
781,ICN,VU
782,ICN,VU
783,ICN,VU
784,ICN,VU
785,ICN,VU
786,ICN,VU
787,ICN,VU
788,ICN,EN
789,ICN,VU
790,ICN,VU
791,ICN,EN
792,ICN,CR
793,ICN,VU
794,ICN,VU
795,ICN,EN
796,ICN,VU
797,ICN,VU
798,ICN,VU
799,ICN,VU
800,ICN,CR
801,ICN,VU
802,ICN,EN
803,ICN,EN
804,ICN,CR
805,ICN,VU
806,ICN,EN
807,ICN,CR
808,ICN,VU
809,ICN,CR
810,ICN,EN
811,ICN,VU
812,ICN,EN
813,ICN,CR
814,ICN,CR
815,ICN,CR
816,ICN,VU
817,ICN,CR
818,ICN,VU
819,ICN,EN
820,ICN,VU
821,ICN,EN
822,ICN,VU
823,ICN,VU
824,ICN,VU
825,ICN,EN
826,ICN,VU
827,ICN,VU
828,ICN,EN
829,ICN,CR
830,ICN,VU
831,ICN,VU
832,ICN,VU
833,ICN,VU
834,ICN,EN
835,ICN,EN
836,ICN,EN
837,ICN,VU
838,ICN,VU
839,ICN,CR
840,ICN,EN
841,ICN,CR
842,ICN,VU
843,ICN,CR
844,ICN,CR
845,ICN,CR
846,ICN,EN
847,ICN,EN
848,ICN,VU
849,ICN,EN
850,ICN,EN
851,ICN,EN
852,ICN,CR
853,ICN,VU
854,ICN,VU
855,ICN,VU
856,ICN,CR
857,ICN,CR
858,ICN,CR
859,ICN,VU
860,ICN,VU
861,ICN,VU
862,ICN,VU
863,ICN,VU
864,ICN,CR
865,ICN,CR
866,ICN,VU
867,ICN,CR
868,ICN,EN
869,ICN,EN
870,ICN,EN
871,ICN,EN
872,ICN,EN
873,ICN,VU
874,ICN,VU
875,ICN,VU
876,ICN,EN
877,ICN,EN
878,ICN,VU
879,ICN,VU
880,ICN,VU
881,ICN,EN
882,ICN,VU
883,ICN,EN
884,ICN,CR
885,ICN,EN
886,ICN,VU
887,ICN,VU
888,ICN,VU
889,ICN,EN
890,ICN,EN
891,ICN,EN
892,ICN,CR
893,ICN,EN
894,ICN,CR
895,ICN,CR
896,ICN,EN
897,ICN,CR
898,ICN,VU
899,ICN,VU
900,ICN,EN
901,ICN,CR
902,ICN,CR
903,ICN,CR
904,ICN,EN
905,ICN,EN
906,ICN,CR
907,ICN,CR
908,ICN,VU
909,ICN,CR
910,ICN,CR
911,ICN,CR
912,ICN,VU
913,ICN,EN
914,ICN,VU
915,ICN,CR
916,ICN,EN
917,ICN,VU
918,ICN,EN
919,ICN,EN
920,ICN,EN
921,ICN,EN
922,ICN,EN
923,ICN,CR
924,ICN,CR
925,ICN,EN
926,ICN,CR
927,ICN,CR
928,ICN,VU
929,ICN,CR
930,ICN,EN
931,ICN,CR
932,ICN,EN
933,ICN,CR
934,ICN,EN
935,ICN,VU
936,ICN,EN
937,ICN,EN
938,ICN,EN
939,ICN,EN
940,ICN,EN
941,ICN,CR
942,ICN,EN
943,ICN,EN
944,ICN,VU
945,ICN,EN
946,ICN,EN
947,ICN,CR
948,ICN,CR
949,ICN,CR
950,ICN,CR
951,ICN,CR
952,ICN,EN
953,ICN,CR
954,ICN,CR
955,ICN,CR
956,ICN,CR
957,ICN,EN
958,ICN,CR
959,ICN,VU
960,ICN,EN
961,ICN,CR
962,ICN,EN
963,ICN,EN
964,ICN,CR
965,ICN,EN
966,ICN,EN
967,ICN,CR
968,ICN,VU
969,ICN,CR
970,ICN,CR
971,ICN,CR
972,ICN,CR
973,ICN,EN
974,ICN,EN
975,ICN,CR
976,ICN,EN
977,ICN,CR
978,ICN,CR
979,ICN,VU
980,ICN,EN
981,ICN,VU
982,ICN,CR
983,ICN,EN
984,ICN,VU
985,ICN,CR
986,ICN,CR
987,ICN,VU
988,ICN,EN
989,ICN,VU
990,ICN,CR
991,ICN,VU
992,ICN,EN
993,ICN,VU
994,ICN,EN
995,ICN,EN
996,ICN,CR
997,ICN,EN
998,ICN,CR
999,ICN,EN
1000,ICN,CR
1001,ICN,CR
1002,ICN,EN
1003,ICN,CR
1004,ICN,CR
1005,ICN,CR
1006,ICN,EN
1007,ICN,EN
1008,ICN,EN
1009,ICN,EN
1010,ICN,EN
1011,ICN,CR
1012,ICN,CR
1013,ICN,EN
1014,ICN,EN
1015,ICN,CR
1016,ICN,EN
1017,ICN,CR
1018,ICN,EN
1019,ICN,VU
1020,ICN,CR
1021,ICN,EN
1022,ICN,EN
1023,ICN,EN
1024,ICN,CR
1025,ICN,CR
1026,ICN,EN
1027,ICN,EN
1028,ICN,EN
1029,ICN,VU
1030,ICN,VU
1031,ICN,VU
1032,ICN,EN
1033,ICN,EN
1034,ICN,VU
1035,ICN,CR
1036,ICN,CR
1037,ICN,EN
1038,ICN,CR
1039,ICN,VU
1040,ICN,VU
1041,ICN,CR
1042,ICN,CR
1043,ICN,EN
1044,ICN,EN
1045,ICN,EN
1046,ICN,VU
1047,ICN,CR
1048,ICN,VU
1049,ICN,VU
1050,ICN,EN
1051,ICN,EN
1052,ICN,CR
1053,ICN,VU
1054,ICN,EN
1055,ICN,EN
1056,ICN,VU
1057,ICN,CR
1058,ICN,CR
1059,ICN,VU
1060,ICN,EN
1061,ICN,EN
1062,ICN,EN
1063,ICN,VU
1064,ICN,VU
1065,ICN,VU
1066,ICN,EN
1067,ICN,EN
1068,ICN,CR
1069,ICN,EN
1070,ICN,CR
1071,ICN,VU
1072,ICN,EN
1073,ICN,EN
1074,ICN,EN
1075,ICN,CR
1076,ICN,CR
1077,ICN,CR
1078,ICN,VU
1079,ICN,EN
1080,ICN,CR
1081,ICN,VU
1082,ICN,VU
1083,ICN,EN
1084,ICN,EN
1085,ICN,CR
1086,ICN,EN
1087,ICN,VU
1088,ICN,EN
1089,ICN,EN
1090,ICN,VU
1091,ICN,VU
1092,ICN,VU
1093,ICN,EN
1094,ICN,EN
1095,ICN,EN
1096,ICN,VU
1097,ICN,CR
1098,ICN,VU
1099,ICN,VU
1100,ICN,VU
1101,ICN,EN
1102,ICN,EN
1103,ICN,EN
1104,ICN,CR
1105,ICN,EN
1106,ICN,VU
1107,ICN,CR
1108,ICN,EN
1109,ICN,CR
1110,ICN,VU
1111,ICN,EN
1112,ICN,EN
1113,ICN,VU
1114,ICN,EN
1115,ICN,VU
1116,ICN,EN
1117,ICN,EN
1118,ICN,EN
1119,ICN,CR
1120,ICN,VU
1121,ICN,EN
1122,ICN,EN
1123,ICN,CR
1124,ICN,VU
1125,ICN,VU
1126,ICN,CR
1127,ICN,VU
1128,ICN,VU
1129,ICN,CR
1130,ICN,CR
1131,ICN,EN
1132,ICN,CR
1133,ICN,CR
1134,ICN,VU
1135,ICN,CR
1136,ICN,VU
1137,ICN,VU
1138,ICN,VU
1139,ICN,EN
1140,ICN,VU
1141,ICN,EN
1142,ICN,VU
1143,ICN,EN
1144,ICN,VU
1145,ICN,CR
1146,ICN,CR
1147,ICN,VU
1148,ICN,EN
1149,ICN,EN
1150,ICN,CR
1151,ICN,VU
1152,ICN,EN
1153,ICN,EN
1154,ICN,EN
1155,ICN,VU
1156,ICN,CR
1157,ICN,EN
1158,ICN,EN
1159,ICN,EN
1160,ICN,EN
1161,ICN,VU
1162,ICN,EN
1163,ICN,CR
1164,ICN,VU
1165,ICN,VU
1166,ICN,EN
1167,ICN,VU
1168,ICN,VU
1169,ICN,VU
1170,ICN,EN
1171,ICN,VU
1172,ICN,VU
1173,ICN,VU
1174,ICN,CR
1175,ICN,VU
1176,ICN,VU
1177,ICN,VU
1178,ICN,VU
1179,ICN,EN
1180,ICN,EN
1181,ICN,VU
1182,ICN,VU
1183,ICN,VU
1184,ICN,EN
1185,ICN,VU
1186,ICN,EN
1187,ICN,EN
1188,ICN,EN
1189,ICN,EN
1190,ICN,EN
1191,ICN,CR
1192,ICN,CR
1193,ICN,EN
1194,ICN,VU
1195,ICN,VU
1196,ICN,CR
1197,ICN,VU
1198,ICN,CR
1199,ICN,CR
1200,ICN,CR
1201,ICN,CR
1202,ICN,EN
1203,ICN,EN
1204,ICN,EN
1205,ICN,EN
1206,ICN,CR
1207,ICN,CR
1208,ICN,EN
1209,ICN,CR
1210,ICN,VU
1211,ICN,EN
1212,ICN,CR
1213,ICN,CR
1214,ICN,EN
1215,ICN,VU
1216,ICN,VU
1217,ICN,VU
1218,ICN,VU
1219,ICN,VU
1220,ICN,VU
1221,ICN,CR
1222,ICN,VU
1223,ICN,EN
1224,ICN,VU
1225,ICN,EN
1226,ICN,EN
1227,ICN,EN
1228,ICN,EN
1229,ICN,EN
1230,ICN,EN
1231,ICN,VU
1232,ICN,EN
1233,ICN,VU
1234,ICN,VU
1235,ICN,EN
1236,ICN,EN
1237,ICN,EN
1238,ICN,VU
1239,ICN,EN
1240,ICN,EN
1241,ICN,EN
1242,ICN,EN
1243,ICN,VU
1244,ICN,EN
1245,ICN,VU
1246,ICN,VU
1247,ICN,EN
1248,ICN,CR
1249,ICN,VU
1250,ICN,EN
1251,ICN,VU
1252,ICN,VU
1253,ICN,CR
1254,ICN,VU
1255,ICN,VU
1256,ICN,EN
1257,ICN,VU
1258,ICN,EN
1259,ICN,VU
1260,ICN,VU
1261,ICN,EN
1262,ICN,CR
1263,ICN,VU
1264,ICN,EN
1265,ICN,EN
1266,ICN,EN
1267,ICN,EN
1268,ICN,EN
1269,ICN,CR
1270,ICN,VU
1271,ICN,EN
1272,ICN,EN
1273,ICN,VU
1274,ICN,VU
1275,ICN,EN
1276,ICN,CR
1277,ICN,EN
1278,ICN,VU
1279,ICN,EN
1280,ICN,EN
1281,ICN,VU
1282,ICN,VU
1283,ICN,CR
1284,ICN,CR
1285,ICN,CR
1286,ICN,CR
1287,ICN,CR
1288,ICN,EN
1289,ICN,EN
1290,ICN,EN
1291,ICN,EN
1292,ICN,EN
1293,ICN,EN
1294,ICN,EN
1295,ICN,EN
1296,ICN,EN
1297,ICN,EN
1298,ICN,EN
1299,ICN,EN
1300,ICN,EN
1301,ICN,VU
1302,ICN,CR
1303,ICN,EN
1304,ICN,EN
1305,ICN,VU
1306,ICN,EN
1307,ICN,CR
1308,ICN,VU
1309,ICN,VU
1310,ICN,EN
1311,ICN,CR
1312,ICN,VU
1313,ICZN,CR
1314,ICZN,EN
1315,ICZN,EN
1316,ICZN,VU
1317,ICZN,VU
1318,ICZN,VU
1319,ICZN,VU
1320,ICZN,VU
1321,ICZN,VU
1322,ICZN,VU
1323,ICZN,EN
1324,ICZN,EN
1325,ICZN,EN
1326,ICZN,VU
1327,ICZN,VU
1328,ICZN,VU
1329,ICZN,VU
1330,ICZN,VU
1331,ICZN,VU
1332,ICZN,VU
1333,ICZN,EN
1334,ICZN,VU
1335,ICZN,VU
1336,ICZN,VU
1337,ICZN,VU
1338,ICZN,CR
1339,ICZN,VU
1340,ICZN,VU
1341,ICZN,VU
1342,ICZN,EN
1343,ICZN,EN
1344,ICZN,EN
1345,ICZN,EN
1346,ICZN,EN
1347,ICZN,EN
1348,ICZN,EN
1349,ICZN,EN
1350,ICZN,EN
1351,ICZN,EN
1352,ICZN,EN
1353,ICZN,EN
1354,ICZN,EN
1355,ICZN,EN
1356,ICZN,EN
1357,ICZN,EN
1358,ICZN,EN
1359,ICZN,EN
1360,ICZN,EN
1361,ICZN,EN
1362,ICZN,EN
1363,ICZN,EN
1364,ICZN,EN
1365,ICZN,EN
1366,ICZN,VU
1367,ICZN,EN
1368,ICZN,VU
1369,ICZN,VU
1370,ICZN,VU
1371,ICZN,VU
1372,ICZN,EN
1373,ICZN,VU
1374,ICZN,EN
1375,ICZN,EN
1376,ICZN,CR
1377,ICZN,EN
1378,ICZN,EN
1379,ICZN,CR
1380,ICZN,CR
1381,ICZN,CR
1382,ICZN,VU
1383,ICZN,VU
1384,ICZN,VU
1385,ICZN,VU
1386,ICZN,VU
1387,ICZN,VU
1388,ICZN,EN
1389,ICZN,EN
1390,ICZN,EN
1391,ICZN,EN
1392,ICZN,VU
1393,ICZN,EN
1394,ICZN,CR
1395,ICZN,EN
1396,ICZN,VU
1397,ICZN,VU
1398,ICZN,EN
1399,ICZN,VU
1400,ICZN,VU
1401,ICZN,VU
1402,ICZN,VU
1403,ICZN,VU
1404,ICZN,EN
1405,ICZN,EN
1406,ICZN,VU
1407,ICZN,VU
1408,ICZN,VU
1409,ICZN,CR
1410,ICZN,VU
1411,ICZN,CR
1412,ICZN,VU
1413,ICZN,EN
1414,ICZN,VU
1415,ICZN,VU
1416,ICZN,VU
1417,ICZN,VU
1418,ICZN,VU
1419,ICZN,VU
1420,ICZN,VU
1421,ICZN,VU
1422,ICZN,VU
1423,ICZN,VU
1424,ICZN,EN
1425,ICZN,VU
1426,ICZN,CR
1427,ICZN,CR
1428,ICZN,VU
1429,ICZN,VU
1430,ICZN,VU
1431,ICZN,VU
1432,ICZN,VU
1433,ICZN,VU
1434,ICZN,CR
1435,ICZN,VU
1436,ICZN,VU
1437,ICZN,EN
1438,ICZN,VU
1439,ICZN,VU
1440,ICZN,EN
1441,ICZN,VU
1442,ICZN,VU
1443,ICZN,VU
1444,ICZN,VU
1445,ICZN,VU
1446,ICZN,VU
1447,ICZN,VU
1448,ICZN,VU
1449,ICZN,EN
1450,ICZN,VU
1451,ICZN,VU
1452,ICZN,VU
1453,ICZN,EN
1454,ICZN,VU
1455,ICZN,VU
1456,ICZN,VU
1457,ICZN,VU
1458,ICZN,VU
1459,ICZN,VU
1460,ICZN,VU
1461,ICZN,VU
1462,ICZN,VU
1463,ICZN,VU
1464,ICZN,VU
1465,ICZN,VU
1466,ICZN,VU
1467,ICZN,VU
1468,ICZN,VU
1469,ICZN,VU
1470,ICZN,CR
1471,ICZN,VU
1472,ICZN,VU
1473,ICZN,VU
1474,ICZN,VU
1475,ICZN,VU
1476,ICZN,VU
1477,ICZN,VU
1478,ICZN,VU
1479,ICZN,VU
1480,ICZN,VU
1481,ICZN,VU
1482,ICZN,VU
1483,ICZN,VU
1484,ICZN,CR
1485,ICZN,VU
1486,ICZN,VU
1487,ICZN,VU
1488,ICZN,VU
1489,ICZN,VU
1490,ICZN,VU
1491,ICZN,CR
1492,ICZN,VU
1493,ICZN,VU
1494,ICZN,VU
1495,ICZN,VU
1496,ICZN,VU
1497,ICZN,VU
1498,ICZN,VU
1499,ICZN,VU
1500,ICZN,VU
1501,ICZN,VU
1502,ICZN,VU
1503,ICZN,VU
1504,ICZN,VU
1505,ICZN,VU
1506,ICZN,VU
1507,ICZN,VU
1508,ICZN,EN
1509,ICZN,VU
1510,ICZN,VU
1511,ICZN,VU
1512,ICZN,EN
1513,ICZN,EN
1514,ICZN,EN
1515,ICZN,VU
1516,ICZN,VU
1517,ICZN,VU
1518,ICZN,CR
1519,ICZN,CR
1520,ICZN,VU
1521,ICZN,VU
1522,ICZN,VU
1523,ICZN,VU
1524,ICZN,VU
1525,ICZN,VU
1526,ICZN,EN
1527,ICZN,CR
1528,ICZN,VU
1529,ICZN,VU
1530,ICZN,EN
1531,ICZN,CR
1532,ICZN,EN
1533,ICZN,EN
1534,ICZN,EN
1535,ICZN,EN
1536,ICZN,VU
1537,ICZN,EN
1538,ICZN,EN
1539,ICZN,EN
1540,ICZN,CR
1541,ICZN,CR
1542,ICZN,CR
1543,ICZN,CR
1544,ICZN,EN
1545,ICZN,CR
1546,ICZN,CR
1547,ICZN,EN
1548,ICZN,CR
1549,ICZN,CR
1550,ICZN,CR
1551,ICZN,CR
1552,ICZN,CR
1553,ICZN,EN
1554,ICZN,EN
1555,ICZN,EN
1556,ICZN,EN
1557,ICZN,CR
1558,ICZN,EN
1559,ICZN,CR
1560,ICZN,CR
1561,ICZN,EN
1562,ICZN,CR
1563,ICZN,CR
1564,ICZN,CR
1565,ICZN,CR
1566,ICZN,CR
1567,ICZN,CR
1568,ICZN,CR
1569,ICZN,CR
1570,ICZN,CR
1571,ICZN,CR
1572,ICZN,CR
1573,ICZN,CR
1574,ICZN,VU
1575,ICZN,VU
1576,ICZN,VU
1577,ICZN,CR
1578,ICZN,CR
1579,ICZN,EN
1580,ICZN,EN
1581,ICZN,EN
1582,ICZN,EN
1583,ICZN,VU
1584,ICZN,EN
1585,ICZN,CR
1586,ICZN,VU
1587,ICZN,EN
1588,ICZN,EN
1589,ICZN,EN
1590,ICZN,CR
1591,ICZN,VU
1592,ICZN,EN
1593,ICZN,EN
1594,ICZN,EN
1595,ICZN,VU
1596,ICZN,EN
1597,ICZN,EN
1598,ICZN,VU
1599,ICZN,VU
1600,ICZN,EN
1601,ICZN,VU
1602,ICZN,EN
1603,ICZN,VU
1604,ICZN,CR
1605,ICZN,EN
1606,ICZN,EN
1607,ICZN,VU
1608,ICZN,EN
1609,ICZN,EN
1610,ICZN,EN
1611,ICZN,VU
1612,ICZN,VU
1613,ICZN,VU
1614,ICZN,VU
1615,ICZN,EN
1616,ICZN,VU
1617,ICZN,CR
1618,ICZN,EN
1619,ICZN,EN
1620,ICZN,EN
1621,ICZN,VU
1622,ICZN,VU
1623,ICZN,VU
1624,ICZN,EN
1625,ICZN,EN
1626,ICZN,EN
1627,ICZN,EN
1628,ICZN,EN
1629,ICZN,CR
1630,ICZN,EN
1631,ICZN,VU
1632,ICZN,EN
1633,ICZN,EN
1634,ICZN,EN
1635,ICZN,EN
1636,ICZN,EN
1637,ICZN,CR
1638,ICZN,VU
1639,ICZN,CR
1640,ICZN,VU
1641,ICZN,EN
1642,ICZN,CR
1643,ICZN,EN
1644,ICZN,EN
1645,ICZN,EN
1646,ICZN,VU
1647,ICZN,CR
1648,ICZN,VU
1649,ICZN,VU
1650,ICZN,EN
1651,ICZN,EN
1652,ICZN,EN
1653,ICZN,EN
1654,ICZN,CR
1655,ICZN,EN
1656,ICZN,CR
1657,ICZN,CR
1658,ICZN,EN
1659,ICZN,VU
1660,ICZN,VU
1661,ICZN,VU
1662,ICZN,VU
1663,ICZN,VU
1664,ICZN,VU
1665,ICZN,VU
1666,ICZN,VU
1667,ICZN,VU
1668,ICZN,EN
1669,ICZN,VU
1670,ICZN,EN
1671,ICZN,EN
1672,ICZN,EN
1673,ICZN,CR
1674,ICZN,VU
1675,ICZN,EN
1676,ICZN,VU
1677,ICZN,CR
1678,ICZN,EN
1679,ICZN,VU
1680,ICZN,VU
1681,ICZN,VU
1682,ICZN,EN
1683,ICZN,CR
1684,ICZN,EN
1685,ICZN,EN
1686,ICZN,VU
1687,ICZN,CR
1688,ICZN,VU
1689,ICZN,EN
1690,ICZN,CR
1691,ICZN,EN
1692,ICZN,EN
1693,ICZN,EN
1694,ICZN,EN
1695,ICZN,CR
1696,ICZN,VU
1697,ICZN,CR
1698,ICZN,VU
1699,ICZN,EN
1700,ICZN,CR
1701,ICZN,EN
1702,ICZN,VU
1703,ICZN,VU
1704,ICZN,CR
1705,ICZN,EN
1706,ICZN,EN
1707,ICZN,VU
1708,ICZN,VU
1709,ICZN,VU
1710,ICZN,EN
1711,ICZN,EN
1712,ICZN,EN
1713,ICZN,VU
1714,ICZN,CR
1715,ICZN,VU
1716,ICZN,EN
1717,ICZN,VU
1718,ICZN,CR
1719,ICZN,VU
1720,ICZN,VU
1721,ICZN,VU
1722,ICZN,EN
1723,ICZN,VU
1724,ICZN,CR
1725,ICZN,CR
1726,ICZN,VU
1727,ICZN,CR
1728,ICZN,EN
1729,ICZN,EN
1730,ICZN,VU
1731,ICZN,VU
1732,ICZN,CR
1733,ICZN,EN
1734,ICZN,VU
1735,ICZN,EN
1736,ICZN,CR
1737,ICZN,EN
1738,ICZN,VU
1739,ICZN,VU
1740,ICZN,CR
1741,ICZN,VU
1742,ICZN,EN
1743,ICZN,VU
1744,ICZN,EN
1745,ICZN,VU
1746,ICZN,VU
1747,ICZN,EN
1748,ICZN,VU
1749,ICZN,VU
1750,ICZN,VU
1751,ICZN,EN
1752,ICZN,CR
1753,ICZN,VU
1754,ICZN,EN
1755,ICZN,EN
1756,ICZN,CR
1757,ICZN,VU
1758,ICZN,VU
1759,ICZN,EN
1760,ICZN,CR
1761,ICZN,VU
1762,ICZN,CR
1763,ICZN,EN
1764,ICZN,CR
1765,ICZN,VU
1766,ICZN,EN
1767,ICZN,EN
1768,ICZN,CR
1769,ICZN,VU
1770,ICZN,EN
1771,ICZN,EN
1772,ICZN,EN
1773,ICZN,CR
1774,ICZN,CR
1775,ICZN,CR
1776,ICZN,VU
1777,ICZN,CR
1778,ICZN,EN
1779,ICZN,EN
1780,ICZN,EN
1781,ICZN,EN
1782,ICZN,VU
1783,ICZN,EN
1784,ICZN,VU
1785,ICZN,VU
1786,ICZN,EN
1787,ICZN,EN
1788,ICZN,CR
1789,ICZN,CR
1790,ICZN,EN
1791,ICZN,VU
1792,ICZN,EN
1793,ICZN,EN
1794,ICZN,EN
1795,ICZN,EN
1796,ICZN,VU
1797,ICZN,EN
1798,ICZN,EN
1799,ICZN,EN
1800,ICZN,VU
1801,ICZN,VU
1802,ICZN,EN
1803,ICZN,VU
1804,ICZN,CR
1805,ICZN,CR
1806,ICZN,EN
1807,ICZN,VU
1808,ICZN,VU
1809,ICZN,EN
1810,ICZN,VU
1811,ICZN,EN
1812,ICZN,VU
1813,ICZN,CR
1814,ICZN,EN
1815,ICZN,EN
1816,ICZN,VU
1817,ICZN,EN
1818,ICZN,CR
1819,ICZN,EN
1820,ICZN,VU
1821,ICZN,VU
1822,ICZN,EN
1823,ICZN,CR
1824,ICZN,CR
1825,ICZN,EN
1826,ICZN,CR
1827,ICZN,EN
1828,ICZN,VU
1829,ICZN,CR
1830,ICZN,VU
1831,ICZN,VU
1832,ICZN,EN
1833,ICZN,VU
1834,ICZN,EN
1835,ICZN,EN
1836,ICZN,VU
1837,ICZN,VU
1838,ICZN,EN
1839,ICZN,VU
1840,ICZN,EN
1841,ICZN,EN
1842,ICZN,VU
1843,ICZN,EN
1844,ICZN,CR
1845,ICZN,EN
1846,ICZN,CR
1847,ICZN,VU
1848,ICZN,CR
1849,ICZN,EN
1850,ICZN,VU
1851,ICZN,VU
1852,ICZN,CR
1853,ICZN,CR
1854,ICZN,EN
1855,ICZN,VU
1856,ICZN,VU
1857,ICZN,EN
1858,ICZN,CR
1859,ICZN,VU
1860,ICZN,EN
1861,ICZN,VU
1862,ICZN,CR
1863,ICZN,VU
1864,ICZN,EN
1865,ICZN,EN
1866,ICZN,EN
1867,ICZN,VU
1868,ICZN,CR
1869,ICZN,EN
1870,ICZN,EN
1871,ICZN,VU
1872,ICZN,EN
1873,ICZN,VU
1874,ICZN,EN
1875,ICZN,EN
1876,ICZN,EN
1877,ICZN,EN
1878,ICZN,CR
1879,ICZN,EN
1880,ICZN,VU
1881,ICZN,EN
1882,ICZN,VU
1883,ICZN,CR
1884,ICZN,CR
1885,ICZN,EN
1886,ICZN,EN
1887,ICZN,EN
1888,ICZN,EN
1889,ICZN,EN
1890,ICZN,VU
1891,ICZN,CR
1892,ICZN,VU
1893,ICZN,EN
1894,ICZN,VU
1895,ICZN,VU
1896,ICZN,VU
1897,ICZN,VU
1898,ICZN,EN
1899,ICZN,EN
1900,ICZN,CR
1901,ICZN,CR
1902,ICZN,EN
1903,ICZN,VU
1904,ICZN,EN
1905,ICZN,EN
1906,ICZN,EN
1907,ICZN,VU
1908,ICZN,EN
1909,ICZN,VU
1910,ICZN,EN
1911,ICZN,EN
1912,ICZN,VU
1913,ICZN,EN
1914,ICZN,EN
1915,ICZN,EN
1916,ICZN,VU
1917,ICZN,VU
1918,ICZN,VU
1919,ICZN,CR
1920,ICZN,VU
1921,ICZN,EN
1922,ICZN,EN
1923,ICZN,VU
1924,ICZN,EN
1925,ICZN,VU
1926,ICZN,EN
1927,ICZN,VU
1928,ICZN,VU
1929,ICZN,VU
1930,ICZN,EN
1931,ICZN,EN
1932,ICZN,CR
1933,ICZN,VU
1934,ICZN,EN
1935,ICZN,VU
1936,ICZN,CR
1937,ICZN,VU
1938,ICZN,VU
1939,ICZN,VU
1940,ICZN,VU
1941,ICZN,EN
1942,ICZN,EN
1943,ICZN,VU
1944,ICZN,VU
1945,ICZN,EN
1946,ICZN,VU
1947,ICZN,VU
1948,ICZN,EN
1949,ICZN,EN
1950,ICZN,VU
1951,ICZN,EN
1952,ICZN,VU
1953,ICZN,VU
1954,ICZN,CR
1955,ICZN,EN
1956,ICZN,EN
1957,ICZN,EN
1958,ICZN,EN
1959,ICZN,VU
1960,ICZN,VU
1961,ICZN,VU
1962,ICZN,EN
1963,ICZN,VU
1964,ICZN,VU
1965,ICZN,VU
1966,ICZN,VU
1967,ICZN,EN
1968,ICZN,VU
1969,ICZN,VU
1970,ICZN,VU
1971,ICZN,VU
1972,ICZN,VU
1973,ICZN,VU
1974,ICZN,VU
1975,ICZN,EN
1976,ICZN,VU
1977,ICZN,VU
1978,ICZN,VU
1979,ICZN,VU
1980,ICZN,VU
1981,ICZN,CR
1982,ICZN,VU
1983,ICZN,CR
1984,ICZN,EN
1985,ICZN,EN
1986,ICZN,VU
1987,ICZN,VU
1988,ICZN,EN
1989,ICZN,EN
1990,ICZN,EN
1991,ICZN,VU
1992,ICZN,CR
1993,ICZN,VU
1994,ICZN,VU
1995,ICZN,VU
1996,ICZN,CR
1997,ICZN,VU
1998,ICZN,EN
1999,ICZN,VU
2000,ICZN,EN
2001,ICZN,EN
2002,ICZN,VU
2003,ICZN,VU
2004,ICZN,VU
2005,ICZN,VU
2006,ICZN,EN
2007,ICZN,VU
2008,ICZN,EN
2009,ICZN,EN
2010,ICZN,EN
2011,ICZN,EN
2012,ICZN,VU
2013,ICZN,EN
2014,ICZN,EN
2015,ICZN,VU
2016,ICZN,VU
2017,ICZN,VU
2018,ICZN,VU
2019,ICZN,VU
2020,ICZN,CR
2021,ICZN,VU
2022,ICZN,VU
2023,ICZN,CR
2024,ICZN,EN
2025,ICZN,EN
2026,ICZN,VU
2027,ICZN,VU
2028,ICZN,CR
2029,ICZN,VU
2030,ICZN,VU
2031,ICZN,VU
2032,ICZN,VU
2033,ICZN,CR
2034,ICZN,VU
2035,ICZN,VU
2036,ICN,EN
2037,ICN,CR
2038,ICN,VU
2039,ICN,EN
2040,ICZN,VU
2041,ICZN,EN
2042,ICZN,EN
2043,ICZN,EN
2044,ICZN,CR
2045,ICZN,VU
2046,ICZN,VU
2047,ICZN,VU
2048,ICZN,VU
2049,ICZN,EN
2050,ICZN,VU
2051,ICZN,EN
2052,ICZN,VU
2053,ICZN,VU
2054,ICZN,VU
2055,ICZN,VU
2056,ICZN,EN
2057,ICZN,VU
2058,ICZN,VU
2059,ICZN,VU
2060,ICZN,VU
2061,ICZN,EN
2062,ICZN,VU
2063,ICZN,EN
2064,ICZN,VU
2065,ICZN,EN
2066,ICZN,EN
2067,ICZN,EN
2068,ICZN,EN
2069,ICZN,VU
2070,ICN,VU
2071,ICN,EN
2072,ICN,EN
2073,ICN,EN
2074,ICN,EN
2075,ICN,EN
2076,ICN,EN
2077,ICN,CR
2078,ICN,VU
2079,ICN,VU
2080,ICN,EN
2081,ICN,VU
2082,ICN,EN
2083,ICN,VU
2084,ICN,VU
2085,ICN,VU
2086,ICN,VU
2087,ICN,VU
2088,ICN,VU
2089,ICN,VU
2090,ICN,VU
2091,ICN,VU
2092,ICN,EN
2093,ICN,VU
2094,ICN,EN
2095,ICN,VU
2096,ICN,CR
2097,ICN,VU
2098,ICZN,EN
2099,ICZN,VU
2100,ICZN,VU
2101,ICZN,CR
2102,ICZN,VU
2103,ICZN,CR
